Date planifiée,Mois,Moment de la journée,Id BT,Statut BT,No.local,Description local,No.tâche,Description tâche,Nom route,Nom utilisateur,Temps planifié,Date originale,Date planifiée.1,Date exécutée,Temps réel,Type,Mois_Année,Bâtiment,Retard (jours)
2025-05-29,mai,Jour,60086449,Non-fait,1-014-B1,Bureau,Nmobilier,"Nettoyer le mobilier ( chaise,bureau,tablette,lampe, bord de fenetre, interrupteur, poignee porte))",Route 1 - jour Bellecombe,,0.54,2025-05-26 00:00:00,2025-05-29 00:00:00,,,Récurrent,2025-05,Bellecombe,
2025-05-29,mai,Jour,60086450,Non-fait,1-014-B1,Bureau,Ltableau,"Laver tableau,aguets, brosses si pas effacé",Route 1 - jour Bellecombe,,1.0,2025-05-26 00:00:00,2025-05-29 00:00:00,,,Récurrent,2025-05,Bellecombe,
2025-05-29,mai,Jour,60086451,Non-fait,1-014-B1,Bureau,Dsurfcont,"Desinfecter les surfaces de contact( interrupteurs,poignees porte,telephone,souris)",Route 1 - jour Bellecombe,,0.05,2025-05-26 00:00:00,2025-05-29 00:00:00,,,Récurrent,2025-05,Bellecombe,
2025-05-29,mai,Jour,60088783,Non-fait,266-B2,Classe 2e cycle,Nchaise,Nettoyer chaises,Route 2 - jour Entre-Lacs,,3.75,2025-05-29 00:00:00,2025-05-29 00:00:00,,,Récurrent,2025-05,Entre-Lacs,
2025-05-29,mai,Jour,60215286,Non-fait,119-1,Escalier,Drampes,Desinfecter rampes et main courantes,Route 3 - jour La Source,,0.18,2025-05-29 00:00:00,2025-05-29 00:00:00,,,Récurrent,2025-05,La Source,
2025-05-29,mai,Jour,60215284,Non-fait,119-1,Escalier,Dsurfcont,"Desinfecter les surfaces de contact( interrupteurs,poignees porte,telephone,souris)",Route 3 - jour La Source,,0.05,2025-05-29 00:00:00,2025-05-29 00:00:00,,,Récurrent,2025-05,La Source,
2025-05-29,mai,Jour,60215283,Non-fait,119-1,Escalier,Lplanchmo,Laver plancher moppe 24 oz,Route 3 - jour La Source,,0.53,2025-05-29 00:00:00,2025-05-29 00:00:00,,,Récurrent,2025-05,La Source,
2025-05-29,mai,Jour,60086480,Non-fait,108-B1,Bureau admin,Dsurfcont,"Desinfecter les surfaces de contact( interrupteurs,poignees porte,telephone,souris)",Route 1 - jour Bellecombe,,0.05,2025-05-26 00:00:00,2025-05-29 00:00:00,,,Récurrent,2025-05,Bellecombe,
2025-05-29,mai,Jour,60214499,Non-fait,1-008,Commis,Dsurfcont,"Desinfecter les surfaces de contact( interrupteurs,poignees porte,telephone,souris)",Route 3 - jour La Source,,0.05,2025-05-26 00:00:00,2025-05-29 00:00:00,,,Récurrent,2025-05,La Source,
2025-05-29,mai,Jour,60215443,Non-fait,265,Classe 2e cycle,Ntable,Nettoyer table,Route 3 - jour La Source,,7.5,2025-05-29 00:00:00,2025-05-29 00:00:00,,,Récurrent,2025-05,La Source,
2025-05-29,mai,Jour,60214729,Non-fait,116,Rangement conciergerie,Dsurfcont,"Desinfecter les surfaces de contact( interrupteurs,poignees porte,telephone,souris)",Route 3 - jour La Source,,0.05,2025-05-26 00:00:00,2025-05-29 00:00:00,,,Récurrent,2025-05,La Source,
2025-05-29,mai,Jour,60214373,Non-fait,132,Secretariat,Dsurfcont,"Desinfecter les surfaces de contact( interrupteurs,poignees porte,telephone,souris)",Route 3 - jour La Source,,0.05,2025-05-26 00:00:00,2025-05-29 00:00:00,,,Récurrent,2025-05,La Source,
2025-05-29,mai,Jour,60214370,Non-fait,132,Secretariat,Etaches,"Enlever toutes les tâches ou marques de souillures (sols, vitres, portes, murs, table, comptoir))",Route 3 - jour La Source,,0.25,2025-05-26 00:00:00,2025-05-29 00:00:00,,,Récurrent,2025-05,La Source,
2025-05-29,mai,Jour,60086914,Non-fait,044-B2,Vestiaire sportif,Lbasmurs,Nettoyer murs autour des poubelle et des séchoirs a main,Route 2 - jour Entre-Lacs,,0.0,2025-05-26 00:00:00,2025-05-29 00:00:00,,,Récurrent,2025-05,Entre-Lacs,
2025-05-29,mai,Jour,60086913,Non-fait,044-B2,Vestiaire sportif,Nextcases,Nettoyer l'exterieur des casiers,Route 2 - jour Entre-Lacs,,5.0,2025-05-26 00:00:00,2025-05-29 00:00:00,,,Récurrent,2025-05,Entre-Lacs,
2025-05-29,mai,Jour,60086909,Non-fait,044-B2,Vestiaire sportif,Vbloc,Vérifier les blocs désodorisants et les remplacer s'il y a lieu,Route 2 - jour Entre-Lacs,,0.5,2025-05-26 00:00:00,2025-05-29 00:00:00,,,Récurrent,2025-05,Entre-Lacs,
2025-05-29,mai,Jour,60086906,Non-fait,044-B2,Vestiaire sportif,Ndivtoil,Nettoyer divisions des toilettes,Route 2 - jour Entre-Lacs,,1.0,2025-05-26 00:00:00,2025-05-29 00:00:00,,,Récurrent,2025-05,Entre-Lacs,
2025-05-29,mai,Jour,60086977,Non-fait,135-B2,Bureau admin,Ltableau,"Laver tableau,aguets, brosses si pas effacé",Route 2 - jour Entre-Lacs,,1.0,2025-05-26 00:00:00,2025-05-29 00:00:00,,,Récurrent,2025-05,Entre-Lacs,
2025-05-29,mai,Jour,60214379,Non-fait,135,Bureau,Dsurfcont,"Desinfecter les surfaces de contact( interrupteurs,poignees porte,telephone,souris)",Route 3 - jour La Source,,0.05,2025-05-26 00:00:00,2025-05-29 00:00:00,,,Récurrent,2025-05,La Source,
2025-05-29,mai,Jour,60215477,Non-fait,110,Gymnase,Nbanc,Nettoyer banc,Route 3 - jour La Source,,1.0,2025-05-29 00:00:00,2025-05-29 00:00:00,,,Récurrent,2025-05,La Source,
2025-05-29,mai,Jour,60215447,Non-fait,270,Classe 2e cycle,Ltableau,"Laver tableau,aguets, brosses si pas effacé",Route 3 - jour La Source,,1.0,2025-05-29 00:00:00,2025-05-29 00:00:00,,,Récurrent,2025-05,La Source,
2025-05-29,mai,Jour,60086479,Non-fait,108-B1,Bureau admin,Ltableau,"Laver tableau,aguets, brosses si pas effacé",Route 1 - jour Bellecombe,,1.0,2025-05-26 00:00:00,2025-05-29 00:00:00,,,Récurrent,2025-05,Bellecombe,
2025-05-29,mai,Jour,60214378,Non-fait,135,Bureau,Ltableau,"Laver tableau,aguets, brosses si pas effacé",Route 3 - jour La Source,,1.0,2025-05-26 00:00:00,2025-05-29 00:00:00,,,Récurrent,2025-05,La Source,
2025-05-29,mai,Jour,60088617,Non-fait,044-B2,Vestiaire sportif,Rdistrib,"Remplir distributeurs savon et papier( essuie-mains, toilettes)",Route 2 - jour Entre-Lacs,,1.21,2025-05-29 00:00:00,2025-05-29 00:00:00,,,Récurrent,2025-05,Entre-Lacs,
2025-05-29,mai,Jour,60086869,Non-fait,040-B2,Vestiaire sportif,Vbloc,Vérifier les blocs désodorisants et les remplacer s'il y a lieu,Route 2 - jour Entre-Lacs,,0.5,2025-05-26 00:00:00,2025-05-29 00:00:00,,,Récurrent,2025-05,Entre-Lacs,
2025-05-29,mai,Jour,60086873,Non-fait,040-B2,Vestiaire sportif,Nextcases,Nettoyer l'exterieur des casiers,Route 2 - jour Entre-Lacs,,5.0,2025-05-26 00:00:00,2025-05-29 00:00:00,,,Récurrent,2025-05,Entre-Lacs,
2025-05-29,mai,Jour,60214372,Non-fait,132,Secretariat,Ltableau,"Laver tableau,aguets, brosses si pas effacé",Route 3 - jour La Source,,1.0,2025-05-26 00:00:00,2025-05-29 00:00:00,,,Récurrent,2025-05,La Source,
2025-05-29,mai,Jour,60214371,Non-fait,132,Secretariat,Nmobilier,"Nettoyer le mobilier ( chaise,bureau,tablette,lampe, bord de fenetre, interrupteur, poignee porte))",Route 3 - jour La Source,,0.54,2025-05-26 00:00:00,2025-05-29 00:00:00,,,Récurrent,2025-05,La Source,
2025-05-29,mai,Jour,60088587,Non-fait,040-B2,Vestiaire sportif,Etaches,"Enlever toutes les tâches ou marques de souillures (sols, vitres, portes, murs, table, comptoir))",Route 2 - jour Entre-Lacs,,0.25,2025-05-29 00:00:00,2025-05-29 00:00:00,,,Récurrent,2025-05,Entre-Lacs,
2025-05-29,mai,Jour,60088588,Non-fait,040-B2,Vestiaire sportif,Nlavabo,"Nettoyer lavabo,robinet, vanite, miroir",Route 2 - jour Entre-Lacs,,1.0,2025-05-29 00:00:00,2025-05-29 00:00:00,,,Récurrent,2025-05,Entre-Lacs,
2025-05-29,mai,Jour,60088589,Non-fait,040-B2,Vestiaire sportif,Ntoilette,"Nettoyer toilette,urinoirs",Route 2 - jour Entre-Lacs,,0.75,2025-05-29 00:00:00,2025-05-29 00:00:00,,,Récurrent,2025-05,Entre-Lacs,
2025-05-29,mai,Jour,60215079,Non-fait,167,Classe 2e cycle,Vpoubelle,Vider poubelles et recupération,Route 3 - jour La Source,,0.75,2025-05-28 00:00:00,2025-05-29 00:00:00,,,Récurrent,2025-05,La Source,
2025-05-29,mai,Jour,60086631,Non-fait,139-B1,Local vide,Ltableau,"Laver tableau,aguets, brosses si pas effacé",Route 1 - jour Bellecombe,,1.0,2025-05-26 00:00:00,2025-05-29 00:00:00,,,Récurrent,2025-05,Bellecombe,
2025-05-29,mai,Jour,60215438,Non-fait,264,Classe 1er cycle,Ltableau,"Laver tableau,aguets, brosses si pas effacé",Route 3 - jour La Source,,1.0,2025-05-29 00:00:00,2025-05-29 00:00:00,,,Récurrent,2025-05,La Source,
2025-05-29,mai,Jour,60086629,Non-fait,139-B1,Local vide,Etaches,"Enlever toutes les tâches ou marques de souillures (sols, vitres, portes, murs, table, comptoir))",Route 1 - jour Bellecombe,,0.25,2025-05-26 00:00:00,2025-05-29 00:00:00,,,Récurrent,2025-05,Bellecombe,
2025-05-29,mai,Jour,60215362,Non-fait,167,Classe 2e cycle,Ltableau,"Laver tableau,aguets, brosses si pas effacé",Route 3 - jour La Source,,1.0,2025-05-29 00:00:00,2025-05-29 00:00:00,,,Récurrent,2025-05,La Source,
2025-05-29,mai,Jour,60088584,Non-fait,040-B2,Vestiaire sportif,Vplanch36,"Vadrouiller plancher 36""",Route 2 - jour Entre-Lacs,,3.66,2025-05-29 00:00:00,2025-05-29 00:00:00,,,Récurrent,2025-05,Entre-Lacs,
2025-05-29,mai,Jour,60215449,Non-fait,270,Classe 2e cycle,Ntable,Nettoyer table,Route 3 - jour La Source,,7.5,2025-05-29 00:00:00,2025-05-29 00:00:00,,,Récurrent,2025-05,La Source,
2025-05-29,mai,Jour,60215385,Non-fait,1-016,Escalier,Drampes,Desinfecter rampes et main courantes,Route 3 - jour La Source,,0.38,2025-05-29 00:00:00,2025-05-29 00:00:00,,,Récurrent,2025-05,La Source,
2025-05-29,mai,Jour,60215358,Non-fait,164,Classe 1er cycle,Ntable,Nettoyer table,Route 3 - jour La Source,,7.5,2025-05-29 00:00:00,2025-05-29 00:00:00,,,Récurrent,2025-05,La Source,
2025-05-29,mai,Jour,60214497,Non-fait,1-008,Commis,Nmobilier,"Nettoyer le mobilier ( chaise,bureau,tablette,lampe, bord de fenetre, interrupteur, poignee porte))",Route 3 - jour La Source,,0.54,2025-05-26 00:00:00,2025-05-29 00:00:00,,,Récurrent,2025-05,La Source,
2025-05-29,mai,Jour,60214626,Non-fait,1-014,Bureau,Nmobilier,"Nettoyer le mobilier ( chaise,bureau,tablette,lampe, bord de fenetre, interrupteur, poignee porte))",Route 3 - jour La Source,,0.54,2025-05-26 00:00:00,2025-05-29 00:00:00,,,Récurrent,2025-05,La Source,
2025-05-29,mai,Jour,60215474,Non-fait,110,Gymnase,Vplanch60,"Vadrouiller plancher 60""",Route 3 - jour La Source,,8.4,2025-05-29 00:00:00,2025-05-29 00:00:00,,,Récurrent,2025-05,La Source,
2025-05-29,mai,Jour,60215448,Non-fait,270,Classe 2e cycle,Nchaise,Nettoyer chaises,Route 3 - jour La Source,,3.75,2025-05-29 00:00:00,2025-05-29 00:00:00,,,Récurrent,2025-05,La Source,
2025-05-29,mai,Jour,60215337,Non-fait,150,Classe maternelle,Ntable,Nettoyer table,Route 3 - jour La Source,,7.5,2025-05-29 00:00:00,2025-05-29 00:00:00,,,Récurrent,2025-05,La Source,
2025-05-29,mai,Jour,60215281,Non-fait,116,Rangement conciergerie,Vpoubelle,Vider poubelles et recupération,Route 3 - jour La Source,,0.75,2025-05-28 00:00:00,2025-05-29 00:00:00,,,Récurrent,2025-05,La Source,
2025-05-29,mai,Jour,60086975,Non-fait,135-B2,Bureau admin,Etaches,"Enlever toutes les tâches ou marques de souillures (sols, vitres, portes, murs, table, comptoir))",Route 2 - jour Entre-Lacs,,0.25,2025-05-26 00:00:00,2025-05-29 00:00:00,,,Récurrent,2025-05,Entre-Lacs,
2025-05-29,mai,Jour,60088785,Non-fait,267-B2,Classe 2e cycle,Ltableau,"Laver tableau,aguets, brosses si pas effacé",Route 2 - jour Entre-Lacs,,1.0,2025-05-29 00:00:00,2025-05-29 00:00:00,,,Récurrent,2025-05,Entre-Lacs,
2025-05-29,mai,Jour,60215427,Non-fait,257,Classe maternelle,Nchaise,Nettoyer chaises,Route 3 - jour La Source,,3.75,2025-05-29 00:00:00,2025-05-29 00:00:00,,,Récurrent,2025-05,La Source,
2025-05-29,mai,Jour,60215426,Non-fait,257,Classe maternelle,Ltableau,"Laver tableau,aguets, brosses si pas effacé",Route 3 - jour La Source,,1.0,2025-05-29 00:00:00,2025-05-29 00:00:00,,,Récurrent,2025-05,La Source,
2025-05-29,mai,Jour,60215424,Non-fait,256,Classe maternelle,Nchaise,Nettoyer chaises,Route 3 - jour La Source,,3.75,2025-05-29 00:00:00,2025-05-29 00:00:00,,,Récurrent,2025-05,La Source,
2025-05-29,mai,Jour,60214627,Non-fait,1-014,Bureau,Ltableau,"Laver tableau,aguets, brosses si pas effacé",Route 3 - jour La Source,,1.0,2025-05-26 00:00:00,2025-05-29 00:00:00,,,Récurrent,2025-05,La Source,
2025-05-29,mai,Jour,60215166,Non-fait,258,Classe 1er cycle,Vpoubelle,Vider poubelles et recupération,Route 3 - jour La Source,,0.75,2025-05-28 00:00:00,2025-05-29 00:00:00,,,Récurrent,2025-05,La Source,
2025-05-29,mai,Jour,60215363,Non-fait,167,Classe 2e cycle,Nchaise,Nettoyer chaises,Route 3 - jour La Source,,3.75,2025-05-29 00:00:00,2025-05-29 00:00:00,,,Récurrent,2025-05,La Source,
2025-05-29,mai,Jour,60215364,Non-fait,167,Classe 2e cycle,Ntable,Nettoyer table,Route 3 - jour La Source,,7.5,2025-05-29 00:00:00,2025-05-29 00:00:00,,,Récurrent,2025-05,La Source,
2025-05-29,mai,Jour,60215392,Non-fait,119-2,Escalier,Dsurfcont,"Desinfecter les surfaces de contact( interrupteurs,poignees porte,telephone,souris)",Route 3 - jour La Source,,0.05,2025-05-29 00:00:00,2025-05-29 00:00:00,,,Récurrent,2025-05,La Source,
2025-05-29,mai,Jour,60215393,Non-fait,119-2,Escalier,Etaches,"Enlever toutes les tâches ou marques de souillures (sols, vitres, portes, murs, table, comptoir))",Route 3 - jour La Source,,0.25,2025-05-29 00:00:00,2025-05-29 00:00:00,,,Récurrent,2025-05,La Source,
2025-05-29,mai,Jour,60215202,Non-fait,270,Classe 2e cycle,Vpoubelle,Vider poubelles et recupération,Route 3 - jour La Source,,0.75,2025-05-28 00:00:00,2025-05-29 00:00:00,,,Récurrent,2025-05,La Source,
2025-05-29,mai,Jour,60215160,Non-fait,257,Classe maternelle,Vpoubelle,Vider poubelles et recupération,Route 3 - jour La Source,,0.75,2025-05-28 00:00:00,2025-05-29 00:00:00,,,Récurrent,2025-05,La Source,
2025-05-29,mai,Jour,60215425,Non-fait,256,Classe maternelle,Ntable,Nettoyer table,Route 3 - jour La Source,,7.5,2025-05-29 00:00:00,2025-05-29 00:00:00,,,Récurrent,2025-05,La Source,
2025-05-29,mai,Jour,60215142,Non-fait,250,Classe maternelle,Vpoubelle,Vider poubelles et recupération,Route 3 - jour La Source,,0.75,2025-05-28 00:00:00,2025-05-29 00:00:00,,,Récurrent,2025-05,La Source,
2025-05-29,mai,Jour,60214657,Non-fait,108,Bureau admin,Dsurfcont,"Desinfecter les surfaces de contact( interrupteurs,poignees porte,telephone,souris)",Route 3 - jour La Source,,0.05,2025-05-26 00:00:00,2025-05-29 00:00:00,,,Récurrent,2025-05,La Source,
2025-05-29,mai,Jour,60215439,Non-fait,264,Classe 1er cycle,Nchaise,Nettoyer chaises,Route 3 - jour La Source,,3.75,2025-05-29 00:00:00,2025-05-29 00:00:00,,,Récurrent,2025-05,La Source,
2025-05-29,mai,Jour,60215440,Non-fait,264,Classe 1er cycle,Ntable,Nettoyer table,Route 3 - jour La Source,,7.5,2025-05-29 00:00:00,2025-05-29 00:00:00,,,Récurrent,2025-05,La Source,
2025-05-29,mai,Jour,60215476,Non-fait,110,Gymnase,Etaches,"Enlever toutes les tâches ou marques de souillures (sols, vitres, portes, murs, table, comptoir))",Route 3 - jour La Source,,0.25,2025-05-29 00:00:00,2025-05-29 00:00:00,,,Récurrent,2025-05,La Source,
2025-05-29,mai,Jour,60215382,Non-fait,1-016,Escalier,Lplanchmo,Laver plancher moppe 24 oz,Route 3 - jour La Source,,1.14,2025-05-29 00:00:00,2025-05-29 00:00:00,,,Récurrent,2025-05,La Source,
2025-05-29,mai,Jour,60215356,Non-fait,164,Classe 1er cycle,Ltableau,"Laver tableau,aguets, brosses si pas effacé",Route 3 - jour La Source,,1.0,2025-05-29 00:00:00,2025-05-29 00:00:00,,,Récurrent,2025-05,La Source,
2025-05-29,mai,Jour,60215025,Non-fait,150,Classe maternelle,Vpoubelle,Vider poubelles et recupération,Route 3 - jour La Source,,0.75,2025-05-28 00:00:00,2025-05-29 00:00:00,,,Récurrent,2025-05,La Source,
2025-05-29,mai,Jour,60086630,Non-fait,139-B1,Local vide,Nmobilier,"Nettoyer le mobilier ( chaise,bureau,tablette,lampe, bord de fenetre, interrupteur, poignee porte))",Route 1 - jour Bellecombe,,0.54,2025-05-26 00:00:00,2025-05-29 00:00:00,,,Récurrent,2025-05,Bellecombe,
2025-05-29,mai,Jour,60214655,Non-fait,108,Bureau admin,Nmobilier,"Nettoyer le mobilier ( chaise,bureau,tablette,lampe, bord de fenetre, interrupteur, poignee porte))",Route 3 - jour La Source,,0.54,2025-05-26 00:00:00,2025-05-29 00:00:00,,,Récurrent,2025-05,La Source,
2025-05-29,mai,Jour,60214664,Non-fait,110,Gymnase,Lsolsauto,Laver plancher autorécurreuse,Route 3 - jour La Source,,2.8,2025-05-26 00:00:00,2025-05-29 00:00:00,,,Récurrent,2025-05,La Source,
2025-05-29,mai,Jour,60215442,Non-fait,265,Classe 2e cycle,Nchaise,Nettoyer chaises,Route 3 - jour La Source,,3.75,2025-05-29 00:00:00,2025-05-29 00:00:00,,,Récurrent,2025-05,La Source,
2025-05-29,mai,Jour,60215423,Non-fait,256,Classe maternelle,Ltableau,"Laver tableau,aguets, brosses si pas effacé",Route 3 - jour La Source,,1.0,2025-05-29 00:00:00,2025-05-29 00:00:00,,,Récurrent,2025-05,La Source,
2025-05-29,mai,Jour,60086478,Non-fait,108-B1,Bureau admin,Nmobilier,"Nettoyer le mobilier ( chaise,bureau,tablette,lampe, bord de fenetre, interrupteur, poignee porte))",Route 1 - jour Bellecombe,,0.54,2025-05-26 00:00:00,2025-05-29 00:00:00,,,Récurrent,2025-05,Bellecombe,
2025-05-29,mai,Jour,60215154,Non-fait,256,Classe maternelle,Vpoubelle,Vider poubelles et recupération,Route 3 - jour La Source,,0.75,2025-05-28 00:00:00,2025-05-29 00:00:00,,,Récurrent,2025-05,La Source,
2025-05-29,mai,Jour,60215390,Non-fait,119-2,Escalier,Vplanch36,"Vadrouiller plancher 36""",Route 3 - jour La Source,,1.11,2025-05-29 00:00:00,2025-05-29 00:00:00,,,Récurrent,2025-05,La Source,
2025-05-29,mai,Jour,60215384,Non-fait,1-016,Escalier,Etaches,"Enlever toutes les tâches ou marques de souillures (sols, vitres, portes, murs, table, comptoir))",Route 3 - jour La Source,,0.25,2025-05-29 00:00:00,2025-05-29 00:00:00,,,Récurrent,2025-05,La Source,
2025-05-29,mai,Jour,60086632,Non-fait,139-B1,Local vide,Dsurfcont,"Desinfecter les surfaces de contact( interrupteurs,poignees porte,telephone,souris)",Route 1 - jour Bellecombe,,0.05,2025-05-26 00:00:00,2025-05-29 00:00:00,,,Récurrent,2025-05,Bellecombe,
2025-05-29,mai,Jour,60214728,Non-fait,116,Rangement conciergerie,Vplanch36,"Vadrouiller plancher 36""",Route 3 - jour La Source,,0.28,2025-05-26 00:00:00,2025-05-29 00:00:00,,,Récurrent,2025-05,La Source,
2025-05-29,mai,Jour,60088310,Non-fait,266-B2,Classe 2e cycle,Vpoubelle,Vider poubelles et recupération,Route 2 - jour Entre-Lacs,,0.75,2025-05-28 00:00:00,2025-05-29 00:00:00,,,Récurrent,2025-05,Entre-Lacs,
2025-05-29,mai,Jour,60214656,Non-fait,108,Bureau admin,Ltableau,"Laver tableau,aguets, brosses si pas effacé",Route 3 - jour La Source,,1.0,2025-05-26 00:00:00,2025-05-29 00:00:00,,,Récurrent,2025-05,La Source,
2025-05-29,mai,Jour,60088782,Non-fait,266-B2,Classe 2e cycle,Ltableau,"Laver tableau,aguets, brosses si pas effacé",Route 2 - jour Entre-Lacs,,1.0,2025-05-29 00:00:00,2025-05-29 00:00:00,,,Récurrent,2025-05,Entre-Lacs,
2025-05-29,mai,Jour,60088316,Non-fait,267-B2,Classe 2e cycle,Vpoubelle,Vider poubelles et recupération,Route 2 - jour Entre-Lacs,,0.75,2025-05-28 00:00:00,2025-05-29 00:00:00,,,Récurrent,2025-05,Entre-Lacs,
2025-05-29,mai,Jour,60215429,Non-fait,258,Classe 1er cycle,Ltableau,"Laver tableau,aguets, brosses si pas effacé",Route 3 - jour La Source,,1.0,2025-05-29 00:00:00,2025-05-29 00:00:00,,,Récurrent,2025-05,La Source,
2025-05-29,mai,Jour,60088616,Non-fait,044-B2,Vestiaire sportif,Ntoilette,"Nettoyer toilette,urinoirs",Route 2 - jour Entre-Lacs,,0.75,2025-05-29 00:00:00,2025-05-29 00:00:00,,,Récurrent,2025-05,Entre-Lacs,
2025-05-29,mai,Jour,60088615,Non-fait,044-B2,Vestiaire sportif,Nlavabo,"Nettoyer lavabo,robinet, vanite, miroir",Route 2 - jour Entre-Lacs,,1.0,2025-05-29 00:00:00,2025-05-29 00:00:00,,,Récurrent,2025-05,Entre-Lacs,
2025-05-29,mai,Jour,60088612,Non-fait,044-B2,Vestiaire sportif,Lplanchmo,Laver plancher moppe 24 oz,Route 2 - jour Entre-Lacs,,3.15,2025-05-29 00:00:00,2025-05-29 00:00:00,,,Récurrent,2025-05,Entre-Lacs,
2025-05-29,mai,Jour,60214496,Non-fait,1-008,Commis,Etaches,"Enlever toutes les tâches ou marques de souillures (sols, vitres, portes, murs, table, comptoir))",Route 3 - jour La Source,,0.25,2025-05-26 00:00:00,2025-05-29 00:00:00,,,Récurrent,2025-05,La Source,
2025-05-29,mai,Jour,60215067,Non-fait,164,Classe 1er cycle,Vpoubelle,Vider poubelles et recupération,Route 3 - jour La Source,,0.75,2025-05-28 00:00:00,2025-05-29 00:00:00,,,Récurrent,2025-05,La Source,
2025-05-29,mai,Jour,60214625,Non-fait,1-014,Bureau,Etaches,"Enlever toutes les tâches ou marques de souillures (sols, vitres, portes, murs, table, comptoir))",Route 3 - jour La Source,,0.25,2025-05-26 00:00:00,2025-05-29 00:00:00,,,Récurrent,2025-05,La Source,
2025-05-29,mai,Jour,60215391,Non-fait,119-2,Escalier,Lplanchmo,Laver plancher moppe 24 oz,Route 3 - jour La Source,,1.0,2025-05-29 00:00:00,2025-05-29 00:00:00,,,Récurrent,2025-05,La Source,
2025-05-29,mai,Jour,60215432,Non-fait,261,Classe 1er cycle,Ltableau,"Laver tableau,aguets, brosses si pas effacé",Route 3 - jour La Source,,1.0,2025-05-29 00:00:00,2025-05-29 00:00:00,,,Récurrent,2025-05,La Source,
2025-05-29,mai,Jour,60215433,Non-fait,261,Classe 1er cycle,Nchaise,Nettoyer chaises,Route 3 - jour La Source,,3.75,2025-05-29 00:00:00,2025-05-29 00:00:00,,,Récurrent,2025-05,La Source,
2025-05-29,mai,Jour,60215434,Non-fait,261,Classe 1er cycle,Ntable,Nettoyer table,Route 3 - jour La Source,,7.5,2025-05-29 00:00:00,2025-05-29 00:00:00,,,Récurrent,2025-05,La Source,
2025-05-29,mai,Jour,60215441,Non-fait,265,Classe 2e cycle,Ltableau,"Laver tableau,aguets, brosses si pas effacé",Route 3 - jour La Source,,1.0,2025-05-29 00:00:00,2025-05-29 00:00:00,,,Récurrent,2025-05,La Source,
2025-05-29,mai,Jour,60215285,Non-fait,119-1,Escalier,Etaches,"Enlever toutes les tâches ou marques de souillures (sols, vitres, portes, murs, table, comptoir))",Route 3 - jour La Source,,0.25,2025-05-29 00:00:00,2025-05-29 00:00:00,,,Récurrent,2025-05,La Source,
2025-05-29,mai,Jour,60215335,Non-fait,150,Classe maternelle,Ltableau,"Laver tableau,aguets, brosses si pas effacé",Route 3 - jour La Source,,1.0,2025-05-29 00:00:00,2025-05-29 00:00:00,,,Récurrent,2025-05,La Source,
2025-05-29,mai,Jour,60214628,Non-fait,1-014,Bureau,Dsurfcont,"Desinfecter les surfaces de contact( interrupteurs,poignees porte,telephone,souris)",Route 3 - jour La Source,,0.05,2025-05-26 00:00:00,2025-05-29 00:00:00,,,Récurrent,2025-05,La Source,
2025-05-29,mai,Jour,60215431,Non-fait,258,Classe 1er cycle,Ntable,Nettoyer table,Route 3 - jour La Source,,7.5,2025-05-29 00:00:00,2025-05-29 00:00:00,,,Récurrent,2025-05,La Source,
2025-05-29,mai,Jour,60088590,Non-fait,040-B2,Vestiaire sportif,Rdistrib,"Remplir distributeurs savon et papier( essuie-mains, toilettes)",Route 2 - jour Entre-Lacs,,1.21,2025-05-29 00:00:00,2025-05-29 00:00:00,,,Récurrent,2025-05,Entre-Lacs,
2025-05-29,mai,Jour,60086477,Non-fait,108-B1,Bureau admin,Etaches,"Enlever toutes les tâches ou marques de souillures (sols, vitres, portes, murs, table, comptoir))",Route 1 - jour Bellecombe,,0.25,2025-05-26 00:00:00,2025-05-29 00:00:00,,,Récurrent,2025-05,Bellecombe,
2025-05-29,mai,Jour,60088784,Non-fait,266-B2,Classe 2e cycle,Ntable,Nettoyer table,Route 2 - jour Entre-Lacs,,7.5,2025-05-29 00:00:00,2025-05-29 00:00:00,,,Récurrent,2025-05,Entre-Lacs,
2025-05-29,mai,Jour,60088786,Non-fait,267-B2,Classe 2e cycle,Nchaise,Nettoyer chaises,Route 2 - jour Entre-Lacs,,3.75,2025-05-29 00:00:00,2025-05-29 00:00:00,,,Récurrent,2025-05,Entre-Lacs,
2025-05-29,mai,Jour,60088787,Non-fait,267-B2,Classe 2e cycle,Ntable,Nettoyer table,Route 2 - jour Entre-Lacs,,7.5,2025-05-29 00:00:00,2025-05-29 00:00:00,,,Récurrent,2025-05,Entre-Lacs,
2025-05-29,mai,Jour,60215381,Non-fait,1-016,Escalier,Vplanch36,"Vadrouiller plancher 36""",Route 3 - jour La Source,,1.27,2025-05-29 00:00:00,2025-05-29 00:00:00,,,Récurrent,2025-05,La Source,
2025-05-29,mai,Jour,60215428,Non-fait,257,Classe maternelle,Ntable,Nettoyer table,Route 3 - jour La Source,,7.5,2025-05-29 00:00:00,2025-05-29 00:00:00,,,Récurrent,2025-05,La Source,
2025-05-29,mai,Jour,60215383,Non-fait,1-016,Escalier,Dsurfcont,"Desinfecter les surfaces de contact( interrupteurs,poignees porte,telephone,souris)",Route 3 - jour La Source,,0.05,2025-05-29 00:00:00,2025-05-29 00:00:00,,,Récurrent,2025-05,La Source,
2025-05-29,mai,Jour,60215336,Non-fait,150,Classe maternelle,Nchaise,Nettoyer chaises,Route 3 - jour La Source,,3.75,2025-05-29 00:00:00,2025-05-29 00:00:00,,,Récurrent,2025-05,La Source,
2025-05-29,mai,Jour,60086866,Non-fait,040-B2,Vestiaire sportif,Ndivtoil,Nettoyer divisions des toilettes,Route 2 - jour Entre-Lacs,,1.0,2025-05-26 00:00:00,2025-05-29 00:00:00,,,Récurrent,2025-05,Entre-Lacs,
2025-05-29,mai,Jour,60215417,Non-fait,250,Classe maternelle,Ltableau,"Laver tableau,aguets, brosses si pas effacé",Route 3 - jour La Source,,1.0,2025-05-29 00:00:00,2025-05-29 00:00:00,,,Récurrent,2025-05,La Source,
2025-05-29,mai,Jour,60215418,Non-fait,250,Classe maternelle,Nchaise,Nettoyer chaises,Route 3 - jour La Source,,3.75,2025-05-29 00:00:00,2025-05-29 00:00:00,,,Récurrent,2025-05,La Source,
2025-05-29,mai,Jour,60215419,Non-fait,250,Classe maternelle,Ntable,Nettoyer table,Route 3 - jour La Source,,7.5,2025-05-29 00:00:00,2025-05-29 00:00:00,,,Récurrent,2025-05,La Source,
2025-05-29,mai,Jour,60215430,Non-fait,258,Classe 1er cycle,Nchaise,Nettoyer chaises,Route 3 - jour La Source,,3.75,2025-05-29 00:00:00,2025-05-29 00:00:00,,,Récurrent,2025-05,La Source,
2025-05-29,mai,Jour,60215394,Non-fait,119-2,Escalier,Drampes,Desinfecter rampes et main courantes,Route 3 - jour La Source,,0.33,2025-05-29 00:00:00,2025-05-29 00:00:00,,,Récurrent,2025-05,La Source,
2025-05-29,mai,Jour,60088611,Non-fait,044-B2,Vestiaire sportif,Vplanch36,"Vadrouiller plancher 36""",Route 2 - jour Entre-Lacs,,3.5,2025-05-29 00:00:00,2025-05-29 00:00:00,,,Récurrent,2025-05,Entre-Lacs,
2025-05-29,mai,Jour,60086448,Non-fait,1-014-B1,Bureau,Etaches,"Enlever toutes les tâches ou marques de souillures (sols, vitres, portes, murs, table, comptoir))",Route 1 - jour Bellecombe,,0.25,2025-05-26 00:00:00,2025-05-29 00:00:00,,,Récurrent,2025-05,Bellecombe,
2025-05-29,mai,Jour,60088592,Non-fait,040-B2,Vestiaire sportif,Vpoubelle,Vider poubelles et recupération,Route 2 - jour Entre-Lacs,,0.75,2025-05-29 00:00:00,2025-05-29 00:00:00,,,Récurrent,2025-05,Entre-Lacs,
2025-05-29,mai,Jour,60088619,Non-fait,044-B2,Vestiaire sportif,Vpoubelle,Vider poubelles et recupération,Route 2 - jour Entre-Lacs,,0.75,2025-05-29 00:00:00,2025-05-29 00:00:00,,,Récurrent,2025-05,Entre-Lacs,
2025-05-29,mai,Jour,60214376,Non-fait,135,Bureau,Etaches,"Enlever toutes les tâches ou marques de souillures (sols, vitres, portes, murs, table, comptoir))",Route 3 - jour La Source,,0.25,2025-05-26 00:00:00,2025-05-29 00:00:00,,,Récurrent,2025-05,La Source,
2025-05-29,mai,Jour,60088618,Non-fait,044-B2,Vestiaire sportif,Nbanc,Nettoyer banc,Route 2 - jour Entre-Lacs,,2.0,2025-05-29 00:00:00,2025-05-29 00:00:00,,,Récurrent,2025-05,Entre-Lacs,
2025-05-29,mai,Jour,60088614,Non-fait,044-B2,Vestiaire sportif,Etaches,"Enlever toutes les tâches ou marques de souillures (sols, vitres, portes, murs, table, comptoir))",Route 2 - jour Entre-Lacs,,0.25,2025-05-29 00:00:00,2025-05-29 00:00:00,,,Récurrent,2025-05,Entre-Lacs,
2025-05-29,mai,Jour,60088591,Non-fait,040-B2,Vestiaire sportif,Nbanc,Nettoyer banc,Route 2 - jour Entre-Lacs,,2.0,2025-05-29 00:00:00,2025-05-29 00:00:00,,,Récurrent,2025-05,Entre-Lacs,
2025-05-29,mai,Jour,60214377,Non-fait,135,Bureau,Nmobilier,"Nettoyer le mobilier ( chaise,bureau,tablette,lampe, bord de fenetre, interrupteur, poignee porte))",Route 3 - jour La Source,,0.54,2025-05-26 00:00:00,2025-05-29 00:00:00,,,Récurrent,2025-05,La Source,
2025-05-29,mai,Jour,60215184,Non-fait,264,Classe 1er cycle,Vpoubelle,Vider poubelles et recupération,Route 3 - jour La Source,,0.75,2025-05-28 00:00:00,2025-05-29 00:00:00,,,Récurrent,2025-05,La Source,
2025-05-29,mai,Jour,60215190,Non-fait,265,Classe 2e cycle,Vpoubelle,Vider poubelles et recupération,Route 3 - jour La Source,,0.75,2025-05-28 00:00:00,2025-05-29 00:00:00,,,Récurrent,2025-05,La Source,
2025-05-29,mai,Jour,60215172,Non-fait,261,Classe 1er cycle,Vpoubelle,Vider poubelles et recupération,Route 3 - jour La Source,,0.75,2025-05-28 00:00:00,2025-05-29 00:00:00,,,Récurrent,2025-05,La Source,
2025-05-29,mai,Jour,60214654,Non-fait,108,Bureau admin,Etaches,"Enlever toutes les tâches ou marques de souillures (sols, vitres, portes, murs, table, comptoir))",Route 3 - jour La Source,,0.25,2025-05-26 00:00:00,2025-05-29 00:00:00,,,Récurrent,2025-05,La Source,
2025-05-29,mai,Jour,60088613,Non-fait,044-B2,Vestiaire sportif,Dsurfcont,"Desinfecter les surfaces de contact( interrupteurs,poignees porte,telephone,souris)",Route 2 - jour Entre-Lacs,,0.05,2025-05-29 00:00:00,2025-05-29 00:00:00,,,Récurrent,2025-05,Entre-Lacs,
2025-05-29,mai,Jour,60215357,Non-fait,164,Classe 1er cycle,Nchaise,Nettoyer chaises,Route 3 - jour La Source,,3.75,2025-05-29 00:00:00,2025-05-29 00:00:00,,,Récurrent,2025-05,La Source,
2025-05-29,mai,Jour,60086874,Non-fait,040-B2,Vestiaire sportif,Lbasmurs,Nettoyer murs autour des poubelle et des séchoirs a main,Route 2 - jour Entre-Lacs,,0.0,2025-05-26 00:00:00,2025-05-29 00:00:00,,,Récurrent,2025-05,Entre-Lacs,
2025-05-29,mai,Jour,60086978,Non-fait,135-B2,Bureau admin,Dsurfcont,"Desinfecter les surfaces de contact( interrupteurs,poignees porte,telephone,souris)",Route 2 - jour Entre-Lacs,,0.05,2025-05-26 00:00:00,2025-05-29 00:00:00,,,Récurrent,2025-05,Entre-Lacs,
2025-05-29,mai,Jour,60215282,Non-fait,119-1,Escalier,Vplanch36,"Vadrouiller plancher 36""",Route 3 - jour La Source,,0.59,2025-05-29 00:00:00,2025-05-29 00:00:00,,,Récurrent,2025-05,La Source,
2025-05-29,mai,Jour,60214498,Non-fait,1-008,Commis,Ltableau,"Laver tableau,aguets, brosses si pas effacé",Route 3 - jour La Source,,1.0,2025-05-26 00:00:00,2025-05-29 00:00:00,,,Récurrent,2025-05,La Source,
2025-05-29,mai,Jour,60088585,Non-fait,040-B2,Vestiaire sportif,Lplanchmo,Laver plancher moppe 24 oz,Route 2 - jour Entre-Lacs,,3.29,2025-05-29 00:00:00,2025-05-29 00:00:00,,,Récurrent,2025-05,Entre-Lacs,
2025-05-29,mai,Jour,60088586,Non-fait,040-B2,Vestiaire sportif,Dsurfcont,"Desinfecter les surfaces de contact( interrupteurs,poignees porte,telephone,souris)",Route 2 - jour Entre-Lacs,,0.05,2025-05-29 00:00:00,2025-05-29 00:00:00,,,Récurrent,2025-05,Entre-Lacs,
2025-05-29,mai,Jour,60215475,Non-fait,110,Gymnase,Dsurfcont,"Desinfecter les surfaces de contact( interrupteurs,poignees porte,telephone,souris)",Route 3 - jour La Source,,0.05,2025-05-29 00:00:00,2025-05-29 00:00:00,,,Récurrent,2025-05,La Source,
2025-05-29,mai,Jour,60086976,Non-fait,135-B2,Bureau admin,Nmobilier,"Nettoyer le mobilier ( chaise,bureau,tablette,lampe, bord de fenetre, interrupteur, poignee porte))",Route 2 - jour Entre-Lacs,,0.54,2025-05-26 00:00:00,2025-05-29 00:00:00,,,Récurrent,2025-05,Entre-Lacs,
2025-05-30,mai,Jour,60089413,Non-fait,265-B2,Classe 2e cycle,Vplanch24,"Vadrouiller sols 24""",Route 2 - jour Entre-Lacs,,6.0,2025-05-30 00:00:00,2025-05-30 00:00:00,,,Récurrent,2025-05,Entre-Lacs,
2025-05-30,mai,Jour,60089411,Non-fait,265-B2,Classe 2e cycle,Ntable,Nettoyer table,Route 2 - jour Entre-Lacs,,7.5,2025-05-30 00:00:00,2025-05-30 00:00:00,,,Récurrent,2025-05,Entre-Lacs,
2025-05-30,mai,Jour,60089414,Non-fait,265-B2,Classe 2e cycle,Ncomptoir,Nettoyer comptoir,Route 2 - jour Entre-Lacs,,0.75,2025-05-30 00:00:00,2025-05-30 00:00:00,,,Récurrent,2025-05,Entre-Lacs,
2025-05-30,mai,Jour,60215740,Non-fait,265,Classe 2e cycle,Ntable,Nettoyer table,Route 3 - jour La Source,,7.5,2025-05-30 00:00:00,2025-05-30 00:00:00,,,Récurrent,2025-05,La Source,
2025-05-30,mai,Jour,60089332,Non-fait,1-018-B2,Corridor,Dsurfcont,"Desinfecter les surfaces de contact( interrupteurs,poignees porte,telephone,souris)",Route 2 - jour Entre-Lacs,,0.05,2025-05-30 00:00:00,2025-05-30 00:00:00,,,Récurrent,2025-05,Entre-Lacs,
2025-05-30,mai,Jour,60089410,Non-fait,265-B2,Classe 2e cycle,Nchaise,Nettoyer chaises,Route 2 - jour Entre-Lacs,,3.75,2025-05-30 00:00:00,2025-05-30 00:00:00,,,Récurrent,2025-05,Entre-Lacs,
2025-05-30,mai,Jour,60089359,Non-fait,213-B2,Corridor,Dsurfcont,"Desinfecter les surfaces de contact( interrupteurs,poignees porte,telephone,souris)",Route 2 - jour Entre-Lacs,,0.05,2025-05-30 00:00:00,2025-05-30 00:00:00,,,Récurrent,2025-05,Entre-Lacs,
2025-05-30,mai,Jour,60089409,Non-fait,265-B2,Classe 2e cycle,Ltableau,"Laver tableau,aguets, brosses si pas effacé",Route 2 - jour Entre-Lacs,,1.0,2025-05-30 00:00:00,2025-05-30 00:00:00,,,Récurrent,2025-05,Entre-Lacs,
2025-05-30,mai,Jour,60089415,Non-fait,266-B2,Classe 2e cycle,Ltableau,"Laver tableau,aguets, brosses si pas effacé",Route 2 - jour Entre-Lacs,,1.0,2025-05-30 00:00:00,2025-05-30 00:00:00,,,Récurrent,2025-05,Entre-Lacs,
2025-05-30,mai,Jour,60089336,Non-fait,119-2-B2,Escalier,Dsurfcont,"Desinfecter les surfaces de contact( interrupteurs,poignees porte,telephone,souris)",Route 2 - jour Entre-Lacs,,0.05,2025-05-30 00:00:00,2025-05-30 00:00:00,,,Récurrent,2025-05,Entre-Lacs,
2025-05-30,mai,Jour,60089416,Non-fait,266-B2,Classe 2e cycle,Nchaise,Nettoyer chaises,Route 2 - jour Entre-Lacs,,3.75,2025-05-30 00:00:00,2025-05-30 00:00:00,,,Récurrent,2025-05,Entre-Lacs,
2025-05-30,mai,Jour,60089102,Non-fait,266-B1,Classe 2e cycle,Ncomptoir,Nettoyer comptoir,Route 1 - jour Bellecombe,,0.75,2025-05-30 00:00:00,2025-05-30 00:00:00,,,Récurrent,2025-05,Bellecombe,
2025-05-30,mai,Jour,60089419,Non-fait,266-B2,Classe 2e cycle,Vplanch24,"Vadrouiller sols 24""",Route 2 - jour Entre-Lacs,,6.0,2025-05-30 00:00:00,2025-05-30 00:00:00,,,Récurrent,2025-05,Entre-Lacs,
2025-05-30,mai,Jour,60089337,Non-fait,119-2-B2,Escalier,Etaches,"Enlever toutes les tâches ou marques de souillures (sols, vitres, portes, murs, table, comptoir))",Route 2 - jour Entre-Lacs,,0.25,2025-05-30 00:00:00,2025-05-30 00:00:00,,,Récurrent,2025-05,Entre-Lacs,
2025-05-30,mai,Jour,60089407,Non-fait,264-B2,Classe 1er cycle,Vplanch24,"Vadrouiller sols 24""",Route 2 - jour Entre-Lacs,,5.25,2025-05-30 00:00:00,2025-05-30 00:00:00,,,Récurrent,2025-05,Entre-Lacs,
2025-05-30,mai,Jour,60089080,Non-fait,262-B1,Classe 1er cycle,Nchaise,Nettoyer chaises,Route 1 - jour Bellecombe,,3.75,2025-05-30 00:00:00,2025-05-30 00:00:00,,,Récurrent,2025-05,Bellecombe,
2025-05-30,mai,Jour,60215697,Non-fait,255,Classe maternelle,Nchaise,Nettoyer chaises,Route 3 - jour La Source,,3.75,2025-05-30 00:00:00,2025-05-30 00:00:00,,,Récurrent,2025-05,La Source,
2025-05-30,mai,Jour,60089075,Non-fait,261-B1,Classe 1er cycle,Ntable,Nettoyer table,Route 1 - jour Bellecombe,,7.5,2025-05-30 00:00:00,2025-05-30 00:00:00,,,Récurrent,2025-05,Bellecombe,
2025-05-30,mai,Jour,60215734,Non-fait,264,Classe 1er cycle,Ntable,Nettoyer table,Route 3 - jour La Source,,7.5,2025-05-30 00:00:00,2025-05-30 00:00:00,,,Récurrent,2025-05,La Source,
2025-05-30,mai,Jour,60089072,Non-fait,258-B1,Classe 1er cycle,Ncomptoir,Nettoyer comptoir,Route 1 - jour Bellecombe,,0.75,2025-05-30 00:00:00,2025-05-30 00:00:00,,,Récurrent,2025-05,Bellecombe,
2025-05-30,mai,Jour,60089361,Non-fait,250-B2,Classe maternelle,Ltableau,"Laver tableau,aguets, brosses si pas effacé",Route 2 - jour Entre-Lacs,,1.0,2025-05-30 00:00:00,2025-05-30 00:00:00,,,Récurrent,2025-05,Entre-Lacs,
2025-05-30,mai,Jour,60215733,Non-fait,264,Classe 1er cycle,Nchaise,Nettoyer chaises,Route 3 - jour La Source,,3.75,2025-05-30 00:00:00,2025-05-30 00:00:00,,,Récurrent,2025-05,La Source,
2025-05-30,mai,Jour,60089425,Non-fait,267-B2,Classe 2e cycle,Vplanch24,"Vadrouiller sols 24""",Route 2 - jour Entre-Lacs,,6.0,2025-05-30 00:00:00,2025-05-30 00:00:00,,,Récurrent,2025-05,Entre-Lacs,
2025-05-30,mai,Jour,60089083,Non-fait,262-B1,Classe 1er cycle,Vplanch24,"Vadrouiller sols 24""",Route 1 - jour Bellecombe,,5.25,2025-05-30 00:00:00,2025-05-30 00:00:00,,,Récurrent,2025-05,Bellecombe,
2025-05-30,mai,Jour,60089084,Non-fait,262-B1,Classe 1er cycle,Ncomptoir,Nettoyer comptoir,Route 1 - jour Bellecombe,,0.75,2025-05-30 00:00:00,2025-05-30 00:00:00,,,Récurrent,2025-05,Bellecombe,
2025-05-30,mai,Jour,60089085,Non-fait,264-B1,Classe 1er cycle,Ltableau,"Laver tableau,aguets, brosses si pas effacé",Route 1 - jour Bellecombe,,1.0,2025-05-30 00:00:00,2025-05-30 00:00:00,,,Récurrent,2025-05,Bellecombe,
2025-05-30,mai,Jour,60089362,Non-fait,250-B2,Classe maternelle,Nchaise,Nettoyer chaises,Route 2 - jour Entre-Lacs,,3.75,2025-05-30 00:00:00,2025-05-30 00:00:00,,,Récurrent,2025-05,Entre-Lacs,
2025-05-30,mai,Jour,60215726,Non-fait,262,Classe 1er cycle,Ltableau,"Laver tableau,aguets, brosses si pas effacé",Route 3 - jour La Source,,1.0,2025-05-30 00:00:00,2025-05-30 00:00:00,,,Récurrent,2025-05,La Source,
2025-05-30,mai,Jour,60215702,Non-fait,256,Classe maternelle,Ltableau,"Laver tableau,aguets, brosses si pas effacé",Route 3 - jour La Source,,1.0,2025-05-30 00:00:00,2025-05-30 00:00:00,,,Récurrent,2025-05,La Source,
2025-05-30,mai,Jour,60089423,Non-fait,267-B2,Classe 2e cycle,Ntable,Nettoyer table,Route 2 - jour Entre-Lacs,,7.5,2025-05-30 00:00:00,2025-05-30 00:00:00,,,Récurrent,2025-05,Entre-Lacs,
2025-05-30,mai,Jour,60089417,Non-fait,266-B2,Classe 2e cycle,Ntable,Nettoyer table,Route 2 - jour Entre-Lacs,,7.5,2025-05-30 00:00:00,2025-05-30 00:00:00,,,Récurrent,2025-05,Entre-Lacs,
2025-05-30,mai,Jour,60215700,Non-fait,255,Classe maternelle,Vplanch24,"Vadrouiller sols 24""",Route 3 - jour La Source,,3.75,2025-05-30 00:00:00,2025-05-30 00:00:00,,,Récurrent,2025-05,La Source,
2025-05-30,mai,Jour,60089383,Non-fait,257-B2,Classe maternelle,Vplanch24,"Vadrouiller sols 24""",Route 2 - jour Entre-Lacs,,3.75,2025-05-30 00:00:00,2025-05-30 00:00:00,,,Récurrent,2025-05,Entre-Lacs,
2025-05-30,mai,Jour,60215703,Non-fait,256,Classe maternelle,Nchaise,Nettoyer chaises,Route 3 - jour La Source,,3.75,2025-05-30 00:00:00,2025-05-30 00:00:00,,,Récurrent,2025-05,La Source,
2025-05-30,mai,Jour,60215698,Non-fait,255,Classe maternelle,Ntable,Nettoyer table,Route 3 - jour La Source,,7.5,2025-05-30 00:00:00,2025-05-30 00:00:00,,,Récurrent,2025-05,La Source,
2025-05-30,mai,Jour,60215706,Non-fait,256,Classe maternelle,Vplanch24,"Vadrouiller sols 24""",Route 3 - jour La Source,,3.75,2025-05-30 00:00:00,2025-05-30 00:00:00,,,Récurrent,2025-05,La Source,
2025-05-30,mai,Jour,60215704,Non-fait,256,Classe maternelle,Ntable,Nettoyer table,Route 3 - jour La Source,,7.5,2025-05-30 00:00:00,2025-05-30 00:00:00,,,Récurrent,2025-05,La Source,
2025-05-30,mai,Jour,60089321,Non-fait,1-010-B2,Corridor,Vplanch60,"Vadrouiller plancher 60""",Route 2 - jour Entre-Lacs,,2.64,2025-05-30 00:00:00,2025-05-30 00:00:00,,,Récurrent,2025-05,Entre-Lacs,
2025-05-30,mai,Jour,60089089,Non-fait,264-B1,Classe 1er cycle,Vplanch24,"Vadrouiller sols 24""",Route 1 - jour Bellecombe,,5.25,2025-05-30 00:00:00,2025-05-30 00:00:00,,,Récurrent,2025-05,Bellecombe,
2025-05-30,mai,Jour,60089090,Non-fait,264-B1,Classe 1er cycle,Ncomptoir,Nettoyer comptoir,Route 1 - jour Bellecombe,,0.75,2025-05-30 00:00:00,2025-05-30 00:00:00,,,Récurrent,2025-05,Bellecombe,
2025-05-30,mai,Jour,60089325,Non-fait,1-016-B2,Escalier,Vplanch36,"Vadrouiller plancher 36""",Route 2 - jour Entre-Lacs,,1.27,2025-05-30 00:00:00,2025-05-30 00:00:00,,,Récurrent,2025-05,Entre-Lacs,
2025-05-30,mai,Jour,60089055,Non-fait,256-B1,Classe maternelle,Ltableau,"Laver tableau,aguets, brosses si pas effacé",Route 1 - jour Bellecombe,,1.0,2025-05-30 00:00:00,2025-05-30 00:00:00,,,Récurrent,2025-05,Bellecombe,
2025-05-30,mai,Jour,60089101,Non-fait,266-B1,Classe 2e cycle,Vplanch24,"Vadrouiller sols 24""",Route 1 - jour Bellecombe,,6.0,2025-05-30 00:00:00,2025-05-30 00:00:00,,,Récurrent,2025-05,Bellecombe,
2025-05-30,mai,Jour,60215714,Non-fait,258,Classe 1er cycle,Ltableau,"Laver tableau,aguets, brosses si pas effacé",Route 3 - jour La Source,,1.0,2025-05-30 00:00:00,2025-05-30 00:00:00,,,Récurrent,2025-05,La Source,
2025-05-30,mai,Jour,60215715,Non-fait,258,Classe 1er cycle,Nchaise,Nettoyer chaises,Route 3 - jour La Source,,3.75,2025-05-30 00:00:00,2025-05-30 00:00:00,,,Récurrent,2025-05,La Source,
2025-05-30,mai,Jour,60215716,Non-fait,258,Classe 1er cycle,Ntable,Nettoyer table,Route 3 - jour La Source,,7.5,2025-05-30 00:00:00,2025-05-30 00:00:00,,,Récurrent,2025-05,La Source,
2025-05-30,mai,Jour,60215750,Non-fait,270,Classe 2e cycle,Ltableau,"Laver tableau,aguets, brosses si pas effacé",Route 3 - jour La Source,,1.0,2025-05-30 00:00:00,2025-05-30 00:00:00,,,Récurrent,2025-05,La Source,
2025-05-30,mai,Jour,60089324,Non-fait,1-010-B2,Corridor,Etaches,"Enlever toutes les tâches ou marques de souillures (sols, vitres, portes, murs, table, comptoir))",Route 2 - jour Entre-Lacs,,0.25,2025-05-30 00:00:00,2025-05-30 00:00:00,,,Récurrent,2025-05,Entre-Lacs,
2025-05-30,mai,Jour,60089426,Non-fait,267-B2,Classe 2e cycle,Ncomptoir,Nettoyer comptoir,Route 2 - jour Entre-Lacs,,0.75,2025-05-30 00:00:00,2025-05-30 00:00:00,,,Récurrent,2025-05,Entre-Lacs,
2025-05-30,mai,Jour,60089019,Non-fait,119-2-B1,Escalier,Etaches,"Enlever toutes les tâches ou marques de souillures (sols, vitres, portes, murs, table, comptoir))",Route 1 - jour Bellecombe,,0.25,2025-05-30 00:00:00,2025-05-30 00:00:00,,,Récurrent,2025-05,Bellecombe,
2025-05-30,mai,Jour,60089360,Non-fait,213-B2,Corridor,Etaches,"Enlever toutes les tâches ou marques de souillures (sols, vitres, portes, murs, table, comptoir))",Route 2 - jour Entre-Lacs,,0.25,2025-05-30 00:00:00,2025-05-30 00:00:00,,,Récurrent,2025-05,Entre-Lacs,
2025-05-30,mai,Jour,60089354,Non-fait,211B-B2,Toilettes,Ntoilette,"Nettoyer toilette,urinoirs",Route 2 - jour Entre-Lacs,,0.75,2025-05-30 00:00:00,2025-05-30 00:00:00,,,Récurrent,2025-05,Entre-Lacs,
2025-05-30,mai,Jour,60215746,Non-fait,266,Classe 2e cycle,Ntable,Nettoyer table,Route 3 - jour La Source,,7.5,2025-05-30 00:00:00,2025-05-30 00:00:00,,,Récurrent,2025-05,La Source,
2025-05-30,mai,Jour,60215745,Non-fait,266,Classe 2e cycle,Nchaise,Nettoyer chaises,Route 3 - jour La Source,,3.75,2025-05-30 00:00:00,2025-05-30 00:00:00,,,Récurrent,2025-05,La Source,
2025-05-30,mai,Jour,60215710,Non-fait,257,Classe maternelle,Ntable,Nettoyer table,Route 3 - jour La Source,,7.5,2025-05-30 00:00:00,2025-05-30 00:00:00,,,Récurrent,2025-05,La Source,
2025-05-30,mai,Jour,60215701,Non-fait,255,Classe maternelle,Ncomptoir,Nettoyer comptoir,Route 3 - jour La Source,,0.75,2025-05-30 00:00:00,2025-05-30 00:00:00,,,Récurrent,2025-05,La Source,
2025-05-30,mai,Jour,60089353,Non-fait,211B-B2,Toilettes,Nlavabo,"Nettoyer lavabo,robinet, vanite, miroir",Route 2 - jour Entre-Lacs,,1.0,2025-05-30 00:00:00,2025-05-30 00:00:00,,,Récurrent,2025-05,Entre-Lacs,
2025-05-30,mai,Jour,60215781,Non-fait,106,Magasin d'art,Lplanchmo,Laver plancher moppe 24 oz,,,1.94,2025-05-30 00:00:00,2025-05-30 00:00:00,,,Récurrent,2025-05,,
2025-05-30,mai,Jour,60089352,Non-fait,211B-B2,Toilettes,Etaches,"Enlever toutes les tâches ou marques de souillures (sols, vitres, portes, murs, table, comptoir))",Route 2 - jour Entre-Lacs,,0.25,2025-05-30 00:00:00,2025-05-30 00:00:00,,,Récurrent,2025-05,Entre-Lacs,
2025-05-30,mai,Jour,60089351,Non-fait,211B-B2,Toilettes,Dsurfcont,"Desinfecter les surfaces de contact( interrupteurs,poignees porte,telephone,souris)",Route 2 - jour Entre-Lacs,,0.05,2025-05-30 00:00:00,2025-05-30 00:00:00,,,Récurrent,2025-05,Entre-Lacs,
2025-05-30,mai,Jour,60089349,Non-fait,211B-B2,Toilettes,Lplanchmo,Laver plancher moppe 24 oz,Route 2 - jour Entre-Lacs,,0.35,2025-05-30 00:00:00,2025-05-30 00:00:00,,,Récurrent,2025-05,Entre-Lacs,
2025-05-30,mai,Jour,60089108,Non-fait,270-B1,Classe 2e cycle,Ncomptoir,Nettoyer comptoir,Route 1 - jour Bellecombe,,0.75,2025-05-30 00:00:00,2025-05-30 00:00:00,,,Récurrent,2025-05,Bellecombe,
2025-05-30,mai,Jour,60215568,Non-fait,139,Local vide,Vplanch36,"Vadrouiller plancher 36""",,,0.3,2025-05-30 00:00:00,2025-05-30 00:00:00,,,Récurrent,2025-05,,
2025-05-30,mai,Jour,60089115,Non-fait,031-B2,Hall d'entree,Vplanch60,"Vadrouiller plancher 60""",Route 2 - jour Entre-Lacs,,1.17,2025-05-30 00:00:00,2025-05-30 00:00:00,,,Récurrent,2025-05,Entre-Lacs,
2025-05-30,mai,Jour,60089114,Non-fait,031-B2,Hall d'entree,Lplanchmo,Laver plancher moppe 24 oz,Route 2 - jour Entre-Lacs,,1.76,2025-05-30 00:00:00,2025-05-30 00:00:00,,,Récurrent,2025-05,Entre-Lacs,
2025-05-30,mai,Jour,60089239,Non-fait,139-B2,Local vide,Vplanch36,"Vadrouiller plancher 36""",,,0.3,2025-05-30 00:00:00,2025-05-30 00:00:00,,,Récurrent,2025-05,,
2025-05-30,mai,Jour,60089105,Non-fait,270-B1,Classe 2e cycle,Ntable,Nettoyer table,Route 1 - jour Bellecombe,,7.5,2025-05-30 00:00:00,2025-05-30 00:00:00,,,Récurrent,2025-05,Bellecombe,
2025-05-30,mai,Jour,60089238,Non-fait,139-B2,Local vide,Lplanchmo,Laver plancher moppe 24 oz,,,0.27,2025-05-30 00:00:00,2025-05-30 00:00:00,,,Récurrent,2025-05,,
2025-05-30,mai,Jour,60215518,Non-fait,119-1,Escalier,Drampes,Desinfecter rampes et main courantes,Route 3 - jour La Source,,0.18,2025-05-30 00:00:00,2025-05-30 00:00:00,,,Récurrent,2025-05,La Source,
2025-05-30,mai,Jour,60215517,Non-fait,119-1,Escalier,Etaches,"Enlever toutes les tâches ou marques de souillures (sols, vitres, portes, murs, table, comptoir))",Route 3 - jour La Source,,0.25,2025-05-30 00:00:00,2025-05-30 00:00:00,,,Récurrent,2025-05,La Source,
2025-05-30,mai,Jour,60089074,Non-fait,261-B1,Classe 1er cycle,Nchaise,Nettoyer chaises,Route 1 - jour Bellecombe,,3.75,2025-05-30 00:00:00,2025-05-30 00:00:00,,,Récurrent,2025-05,Bellecombe,
2025-05-30,mai,Jour,60089086,Non-fait,264-B1,Classe 1er cycle,Nchaise,Nettoyer chaises,Route 1 - jour Bellecombe,,3.75,2025-05-30 00:00:00,2025-05-30 00:00:00,,,Récurrent,2025-05,Bellecombe,
2025-05-30,mai,Jour,60089091,Non-fait,265-B1,Classe 2e cycle,Ltableau,"Laver tableau,aguets, brosses si pas effacé",Route 1 - jour Bellecombe,,1.0,2025-05-30 00:00:00,2025-05-30 00:00:00,,,Récurrent,2025-05,Bellecombe,
2025-05-30,mai,Jour,60215707,Non-fait,256,Classe maternelle,Ncomptoir,Nettoyer comptoir,Route 3 - jour La Source,,0.75,2025-05-30 00:00:00,2025-05-30 00:00:00,,,Récurrent,2025-05,La Source,
2025-05-30,mai,Jour,60215515,Non-fait,119-1,Escalier,Lplanchmo,Laver plancher moppe 24 oz,Route 3 - jour La Source,,0.53,2025-05-30 00:00:00,2025-05-30 00:00:00,,,Récurrent,2025-05,La Source,
2025-05-30,mai,Jour,60215718,Non-fait,258,Classe 1er cycle,Vplanch24,"Vadrouiller sols 24""",Route 3 - jour La Source,,5.25,2025-05-30 00:00:00,2025-05-30 00:00:00,,,Récurrent,2025-05,La Source,
2025-05-30,mai,Jour,60215721,Non-fait,261,Classe 1er cycle,Nchaise,Nettoyer chaises,Route 3 - jour La Source,,3.75,2025-05-30 00:00:00,2025-05-30 00:00:00,,,Récurrent,2025-05,La Source,
2025-05-30,mai,Jour,60215514,Non-fait,119-1,Escalier,Vplanch36,"Vadrouiller plancher 36""",Route 3 - jour La Source,,0.59,2025-05-30 00:00:00,2025-05-30 00:00:00,,,Récurrent,2025-05,La Source,
2025-05-30,mai,Jour,60215567,Non-fait,139,Local vide,Lplanchmo,Laver plancher moppe 24 oz,,,0.27,2025-05-30 00:00:00,2025-05-30 00:00:00,,,Récurrent,2025-05,,
2025-05-30,mai,Jour,60215692,Non-fait,250,Classe maternelle,Ntable,Nettoyer table,Route 3 - jour La Source,,7.5,2025-05-30 00:00:00,2025-05-30 00:00:00,,,Récurrent,2025-05,La Source,
2025-05-30,mai,Jour,60089077,Non-fait,261-B1,Classe 1er cycle,Vplanch24,"Vadrouiller sols 24""",Route 1 - jour Bellecombe,,5.25,2025-05-30 00:00:00,2025-05-30 00:00:00,,,Récurrent,2025-05,Bellecombe,
2025-05-30,mai,Jour,60089073,Non-fait,261-B1,Classe 1er cycle,Ltableau,"Laver tableau,aguets, brosses si pas effacé",Route 1 - jour Bellecombe,,1.0,2025-05-30 00:00:00,2025-05-30 00:00:00,,,Récurrent,2025-05,Bellecombe,
2025-05-30,mai,Jour,60089056,Non-fait,256-B1,Classe maternelle,Nchaise,Nettoyer chaises,Route 1 - jour Bellecombe,,3.75,2025-05-30 00:00:00,2025-05-30 00:00:00,,,Récurrent,2025-05,Bellecombe,
2025-05-30,mai,Jour,60089117,Non-fait,031-B2,Hall d'entree,Dsurfcont,"Desinfecter les surfaces de contact( interrupteurs,poignees porte,telephone,souris)",Route 2 - jour Entre-Lacs,,0.05,2025-05-30 00:00:00,2025-05-30 00:00:00,,,Récurrent,2025-05,Entre-Lacs,
2025-05-30,mai,Jour,60089118,Non-fait,031-B2,Hall d'entree,Etaches,"Enlever toutes les tâches ou marques de souillures (sols, vitres, portes, murs, table, comptoir))",Route 2 - jour Entre-Lacs,,0.25,2025-05-30 00:00:00,2025-05-30 00:00:00,,,Récurrent,2025-05,Entre-Lacs,
2025-05-30,mai,Jour,60215690,Non-fait,250,Classe maternelle,Ltableau,"Laver tableau,aguets, brosses si pas effacé",Route 3 - jour La Source,,1.0,2025-05-30 00:00:00,2025-05-30 00:00:00,,,Récurrent,2025-05,La Source,
2025-05-30,mai,Jour,60215708,Non-fait,257,Classe maternelle,Ltableau,"Laver tableau,aguets, brosses si pas effacé",Route 3 - jour La Source,,1.0,2025-05-30 00:00:00,2025-05-30 00:00:00,,,Récurrent,2025-05,La Source,
2025-05-30,mai,Jour,60089373,Non-fait,256-B2,Classe maternelle,Ltableau,"Laver tableau,aguets, brosses si pas effacé",Route 2 - jour Entre-Lacs,,1.0,2025-05-30 00:00:00,2025-05-30 00:00:00,,,Récurrent,2025-05,Entre-Lacs,
2025-05-30,mai,Jour,60215664,Non-fait,119-2,Escalier,Lplanchmo,Laver plancher moppe 24 oz,Route 3 - jour La Source,,1.0,2025-05-30 00:00:00,2025-05-30 00:00:00,,,Récurrent,2025-05,La Source,
2025-05-30,mai,Jour,60215666,Non-fait,119-2,Escalier,Etaches,"Enlever toutes les tâches ou marques de souillures (sols, vitres, portes, murs, table, comptoir))",Route 3 - jour La Source,,0.25,2025-05-30 00:00:00,2025-05-30 00:00:00,,,Récurrent,2025-05,La Source,
2025-05-30,mai,Jour,60215751,Non-fait,270,Classe 2e cycle,Nchaise,Nettoyer chaises,Route 3 - jour La Source,,3.75,2025-05-30 00:00:00,2025-05-30 00:00:00,,,Récurrent,2025-05,La Source,
2025-05-30,mai,Jour,60215648,Non-fait,1-008,Commis,Lplanchmo,Laver plancher moppe 24 oz,,,0.9,2025-05-30 00:00:00,2025-05-30 00:00:00,,,Récurrent,2025-05,,
2025-05-30,mai,Jour,60089079,Non-fait,262-B1,Classe 1er cycle,Ltableau,"Laver tableau,aguets, brosses si pas effacé",Route 1 - jour Bellecombe,,1.0,2025-05-30 00:00:00,2025-05-30 00:00:00,,,Récurrent,2025-05,Bellecombe,
2025-05-30,mai,Jour,60089068,Non-fait,258-B1,Classe 1er cycle,Nchaise,Nettoyer chaises,Route 1 - jour Bellecombe,,3.75,2025-05-30 00:00:00,2025-05-30 00:00:00,,,Récurrent,2025-05,Bellecombe,
2025-05-30,mai,Jour,60089060,Non-fait,256-B1,Classe maternelle,Ncomptoir,Nettoyer comptoir,Route 1 - jour Bellecombe,,0.75,2025-05-30 00:00:00,2025-05-30 00:00:00,,,Récurrent,2025-05,Bellecombe,
2025-05-30,mai,Jour,60089059,Non-fait,256-B1,Classe maternelle,Vplanch24,"Vadrouiller sols 24""",Route 1 - jour Bellecombe,,3.75,2025-05-30 00:00:00,2025-05-30 00:00:00,,,Récurrent,2025-05,Bellecombe,
2025-05-30,mai,Jour,60089057,Non-fait,256-B1,Classe maternelle,Ntable,Nettoyer table,Route 1 - jour Bellecombe,,7.5,2025-05-30 00:00:00,2025-05-30 00:00:00,,,Récurrent,2025-05,Bellecombe,
2025-05-30,mai,Jour,60089017,Non-fait,119-2-B1,Escalier,Lplanchmo,Laver plancher moppe 24 oz,Route 1 - jour Bellecombe,,1.0,2025-05-30 00:00:00,2025-05-30 00:00:00,,,Récurrent,2025-05,Bellecombe,
2025-05-30,mai,Jour,60088996,Non-fait,100-2-B1,Escalier,Drampes,Desinfecter rampes et main courantes,Route 1 - jour Bellecombe,,0.33,2025-05-30 00:00:00,2025-05-30 00:00:00,,,Récurrent,2025-05,Bellecombe,
2025-05-30,mai,Jour,60088994,Non-fait,100-2-B1,Escalier,Dsurfcont,"Desinfecter les surfaces de contact( interrupteurs,poignees porte,telephone,souris)",Route 1 - jour Bellecombe,,0.05,2025-05-30 00:00:00,2025-05-30 00:00:00,,,Récurrent,2025-05,Bellecombe,
2025-05-30,mai,Jour,60215730,Non-fait,262,Classe 1er cycle,Vplanch24,"Vadrouiller sols 24""",Route 3 - jour La Source,,5.25,2025-05-30 00:00:00,2025-05-30 00:00:00,,,Récurrent,2025-05,La Source,
2025-05-30,mai,Jour,60215742,Non-fait,265,Classe 2e cycle,Vplanch24,"Vadrouiller sols 24""",Route 3 - jour La Source,,6.0,2025-05-30 00:00:00,2025-05-30 00:00:00,,,Récurrent,2025-05,La Source,
2025-05-30,mai,Jour,60215744,Non-fait,266,Classe 2e cycle,Ltableau,"Laver tableau,aguets, brosses si pas effacé",Route 3 - jour La Source,,1.0,2025-05-30 00:00:00,2025-05-30 00:00:00,,,Récurrent,2025-05,La Source,
2025-05-30,mai,Jour,60215663,Non-fait,119-2,Escalier,Vplanch36,"Vadrouiller plancher 36""",Route 3 - jour La Source,,1.11,2025-05-30 00:00:00,2025-05-30 00:00:00,,,Récurrent,2025-05,La Source,
2025-05-30,mai,Jour,60215696,Non-fait,255,Classe maternelle,Ltableau,"Laver tableau,aguets, brosses si pas effacé",Route 3 - jour La Source,,1.0,2025-05-30 00:00:00,2025-05-30 00:00:00,,,Récurrent,2025-05,La Source,
2025-05-30,mai,Jour,60089329,Non-fait,1-016-B2,Escalier,Drampes,Desinfecter rampes et main courantes,Route 2 - jour Entre-Lacs,,0.38,2025-05-30 00:00:00,2025-05-30 00:00:00,,,Récurrent,2025-05,Entre-Lacs,
2025-05-30,mai,Jour,60089330,Non-fait,1-018-B2,Corridor,Vplanch60,"Vadrouiller plancher 60""",Route 2 - jour Entre-Lacs,,1.0,2025-05-30 00:00:00,2025-05-30 00:00:00,,,Récurrent,2025-05,Entre-Lacs,
2025-05-30,mai,Jour,60089333,Non-fait,1-018-B2,Corridor,Etaches,"Enlever toutes les tâches ou marques de souillures (sols, vitres, portes, murs, table, comptoir))",Route 2 - jour Entre-Lacs,,0.25,2025-05-30 00:00:00,2025-05-30 00:00:00,,,Récurrent,2025-05,Entre-Lacs,
2025-05-30,mai,Jour,60089331,Non-fait,1-018-B2,Corridor,Vpoubelle,Vider poubelles et recupération,Route 2 - jour Entre-Lacs,,0.75,2025-05-30 00:00:00,2025-05-30 00:00:00,,,Récurrent,2025-05,Entre-Lacs,
2025-05-30,mai,Jour,60089404,Non-fait,264-B2,Classe 1er cycle,Nchaise,Nettoyer chaises,Route 2 - jour Entre-Lacs,,3.75,2025-05-30 00:00:00,2025-05-30 00:00:00,,,Récurrent,2025-05,Entre-Lacs,
2025-05-30,mai,Jour,60089403,Non-fait,264-B2,Classe 1er cycle,Ltableau,"Laver tableau,aguets, brosses si pas effacé",Route 2 - jour Entre-Lacs,,1.0,2025-05-30 00:00:00,2025-05-30 00:00:00,,,Récurrent,2025-05,Entre-Lacs,
2025-05-30,mai,Jour,60089378,Non-fait,256-B2,Classe maternelle,Ncomptoir,Nettoyer comptoir,Route 2 - jour Entre-Lacs,,0.75,2025-05-30 00:00:00,2025-05-30 00:00:00,,,Récurrent,2025-05,Entre-Lacs,
2025-05-30,mai,Jour,60089374,Non-fait,256-B2,Classe maternelle,Nchaise,Nettoyer chaises,Route 2 - jour Entre-Lacs,,3.75,2025-05-30 00:00:00,2025-05-30 00:00:00,,,Récurrent,2025-05,Entre-Lacs,
2025-05-30,mai,Jour,60089363,Non-fait,250-B2,Classe maternelle,Ntable,Nettoyer table,Route 2 - jour Entre-Lacs,,7.5,2025-05-30 00:00:00,2025-05-30 00:00:00,,,Récurrent,2025-05,Entre-Lacs,
2025-05-30,mai,Jour,60089358,Non-fait,213-B2,Corridor,Vpoubelle,Vider poubelles et recupération,Route 2 - jour Entre-Lacs,,0.75,2025-05-30 00:00:00,2025-05-30 00:00:00,,,Récurrent,2025-05,Entre-Lacs,
2025-05-30,mai,Jour,60089350,Non-fait,211B-B2,Toilettes,Vpoubelle,Vider poubelles et recupération,Route 2 - jour Entre-Lacs,,0.75,2025-05-30 00:00:00,2025-05-30 00:00:00,,,Récurrent,2025-05,Entre-Lacs,
2025-05-30,mai,Jour,60089405,Non-fait,264-B2,Classe 1er cycle,Ntable,Nettoyer table,Route 2 - jour Entre-Lacs,,7.5,2025-05-30 00:00:00,2025-05-30 00:00:00,,,Récurrent,2025-05,Entre-Lacs,
2025-05-30,mai,Jour,60089328,Non-fait,1-016-B2,Escalier,Etaches,"Enlever toutes les tâches ou marques de souillures (sols, vitres, portes, murs, table, comptoir))",Route 2 - jour Entre-Lacs,,0.25,2025-05-30 00:00:00,2025-05-30 00:00:00,,,Récurrent,2025-05,Entre-Lacs,
2025-05-30,mai,Jour,60089327,Non-fait,1-016-B2,Escalier,Dsurfcont,"Desinfecter les surfaces de contact( interrupteurs,poignees porte,telephone,souris)",Route 2 - jour Entre-Lacs,,0.05,2025-05-30 00:00:00,2025-05-30 00:00:00,,,Récurrent,2025-05,Entre-Lacs,
2025-05-30,mai,Jour,60089323,Non-fait,1-010-B2,Corridor,Dsurfcont,"Desinfecter les surfaces de contact( interrupteurs,poignees porte,telephone,souris)",Route 2 - jour Entre-Lacs,,0.05,2025-05-30 00:00:00,2025-05-30 00:00:00,,,Récurrent,2025-05,Entre-Lacs,
2025-05-30,mai,Jour,60089348,Non-fait,211B-B2,Toilettes,Vplanch36,"Vadrouiller plancher 36""",Route 2 - jour Entre-Lacs,,0.39,2025-05-30 00:00:00,2025-05-30 00:00:00,,,Récurrent,2025-05,Entre-Lacs,
2025-05-30,mai,Jour,60215642,Non-fait,100-2,Escalier,Etaches,"Enlever toutes les tâches ou marques de souillures (sols, vitres, portes, murs, table, comptoir))",Route 3 - jour La Source,,0.25,2025-05-30 00:00:00,2025-05-30 00:00:00,,,Récurrent,2025-05,La Source,
2025-05-30,mai,Jour,60215720,Non-fait,261,Classe 1er cycle,Ltableau,"Laver tableau,aguets, brosses si pas effacé",Route 3 - jour La Source,,1.0,2025-05-30 00:00:00,2025-05-30 00:00:00,,,Récurrent,2025-05,La Source,
2025-05-30,mai,Jour,60215712,Non-fait,257,Classe maternelle,Vplanch24,"Vadrouiller sols 24""",Route 3 - jour La Source,,3.75,2025-05-30 00:00:00,2025-05-30 00:00:00,,,Récurrent,2025-05,La Source,
2025-05-30,mai,Jour,60215713,Non-fait,257,Classe maternelle,Ncomptoir,Nettoyer comptoir,Route 3 - jour La Source,,0.75,2025-05-30 00:00:00,2025-05-30 00:00:00,,,Récurrent,2025-05,La Source,
2025-05-30,mai,Jour,60089049,Non-fait,255-B1,Classe maternelle,Ltableau,"Laver tableau,aguets, brosses si pas effacé",Route 1 - jour Bellecombe,,1.0,2025-05-30 00:00:00,2025-05-30 00:00:00,,,Récurrent,2025-05,Bellecombe,
2025-05-30,mai,Jour,60089053,Non-fait,255-B1,Classe maternelle,Vplanch24,"Vadrouiller sols 24""",Route 1 - jour Bellecombe,,3.75,2025-05-30 00:00:00,2025-05-30 00:00:00,,,Récurrent,2025-05,Bellecombe,
2025-05-30,mai,Jour,60089386,Non-fait,258-B2,Classe 1er cycle,Nchaise,Nettoyer chaises,Route 2 - jour Entre-Lacs,,3.75,2025-05-30 00:00:00,2025-05-30 00:00:00,,,Récurrent,2025-05,Entre-Lacs,
2025-05-30,mai,Jour,60089087,Non-fait,264-B1,Classe 1er cycle,Ntable,Nettoyer table,Route 1 - jour Bellecombe,,7.5,2025-05-30 00:00:00,2025-05-30 00:00:00,,,Récurrent,2025-05,Bellecombe,
2025-05-30,mai,Jour,60089071,Non-fait,258-B1,Classe 1er cycle,Vplanch24,"Vadrouiller sols 24""",Route 1 - jour Bellecombe,,5.25,2025-05-30 00:00:00,2025-05-30 00:00:00,,,Récurrent,2025-05,Bellecombe,
2025-05-30,mai,Jour,60089385,Non-fait,258-B2,Classe 1er cycle,Ltableau,"Laver tableau,aguets, brosses si pas effacé",Route 2 - jour Entre-Lacs,,1.0,2025-05-30 00:00:00,2025-05-30 00:00:00,,,Récurrent,2025-05,Entre-Lacs,
2025-05-30,mai,Jour,60089334,Non-fait,119-2-B2,Escalier,Vplanch36,"Vadrouiller plancher 36""",Route 2 - jour Entre-Lacs,,1.11,2025-05-30 00:00:00,2025-05-30 00:00:00,,,Récurrent,2025-05,Entre-Lacs,
2025-05-30,mai,Jour,60089377,Non-fait,256-B2,Classe maternelle,Vplanch24,"Vadrouiller sols 24""",Route 2 - jour Entre-Lacs,,3.75,2025-05-30 00:00:00,2025-05-30 00:00:00,,,Récurrent,2025-05,Entre-Lacs,
2025-05-30,mai,Jour,60089326,Non-fait,1-016-B2,Escalier,Lplanchmo,Laver plancher moppe 24 oz,Route 2 - jour Entre-Lacs,,1.14,2025-05-30 00:00:00,2025-05-30 00:00:00,,,Récurrent,2025-05,Entre-Lacs,
2025-05-30,mai,Jour,60215752,Non-fait,270,Classe 2e cycle,Ntable,Nettoyer table,Route 3 - jour La Source,,7.5,2025-05-30 00:00:00,2025-05-30 00:00:00,,,Récurrent,2025-05,La Source,
2025-05-30,mai,Jour,60089092,Non-fait,265-B1,Classe 2e cycle,Nchaise,Nettoyer chaises,Route 1 - jour Bellecombe,,3.75,2025-05-30 00:00:00,2025-05-30 00:00:00,,,Récurrent,2025-05,Bellecombe,
2025-05-30,mai,Jour,60215727,Non-fait,262,Classe 1er cycle,Nchaise,Nettoyer chaises,Route 3 - jour La Source,,3.75,2025-05-30 00:00:00,2025-05-30 00:00:00,,,Récurrent,2025-05,La Source,
2025-05-30,mai,Jour,60215709,Non-fait,257,Classe maternelle,Nchaise,Nettoyer chaises,Route 3 - jour La Source,,3.75,2025-05-30 00:00:00,2025-05-30 00:00:00,,,Récurrent,2025-05,La Source,
2025-05-30,mai,Jour,60088992,Non-fait,100-2-B1,Escalier,Vplanch36,"Vadrouiller plancher 36""",Route 1 - jour Bellecombe,,1.11,2025-05-30 00:00:00,2025-05-30 00:00:00,,,Récurrent,2025-05,Bellecombe,
2025-05-30,mai,Jour,60215722,Non-fait,261,Classe 1er cycle,Ntable,Nettoyer table,Route 3 - jour La Source,,7.5,2025-05-30 00:00:00,2025-05-30 00:00:00,,,Récurrent,2025-05,La Source,
2025-05-30,mai,Jour,60089097,Non-fait,266-B1,Classe 2e cycle,Ltableau,"Laver tableau,aguets, brosses si pas effacé",Route 1 - jour Bellecombe,,1.0,2025-05-30 00:00:00,2025-05-30 00:00:00,,,Récurrent,2025-05,Bellecombe,
2025-05-30,mai,Jour,60089095,Non-fait,265-B1,Classe 2e cycle,Vplanch24,"Vadrouiller sols 24""",Route 1 - jour Bellecombe,,6.0,2025-05-30 00:00:00,2025-05-30 00:00:00,,,Récurrent,2025-05,Bellecombe,
2025-05-30,mai,Jour,60089093,Non-fait,265-B1,Classe 2e cycle,Ntable,Nettoyer table,Route 1 - jour Bellecombe,,7.5,2025-05-30 00:00:00,2025-05-30 00:00:00,,,Récurrent,2025-05,Bellecombe,
2025-05-30,mai,Jour,60089081,Non-fait,262-B1,Classe 1er cycle,Ntable,Nettoyer table,Route 1 - jour Bellecombe,,7.5,2025-05-30 00:00:00,2025-05-30 00:00:00,,,Récurrent,2025-05,Bellecombe,
2025-05-30,mai,Jour,60089078,Non-fait,261-B1,Classe 1er cycle,Ncomptoir,Nettoyer comptoir,Route 1 - jour Bellecombe,,0.75,2025-05-30 00:00:00,2025-05-30 00:00:00,,,Récurrent,2025-05,Bellecombe,
2025-05-30,mai,Jour,60089020,Non-fait,119-2-B1,Escalier,Drampes,Desinfecter rampes et main courantes,Route 1 - jour Bellecombe,,0.33,2025-05-30 00:00:00,2025-05-30 00:00:00,,,Récurrent,2025-05,Bellecombe,
2025-05-30,mai,Jour,60215728,Non-fait,262,Classe 1er cycle,Ntable,Nettoyer table,Route 3 - jour La Source,,7.5,2025-05-30 00:00:00,2025-05-30 00:00:00,,,Récurrent,2025-05,La Source,
2025-05-30,mai,Jour,60089069,Non-fait,258-B1,Classe 1er cycle,Ntable,Nettoyer table,Route 1 - jour Bellecombe,,7.5,2025-05-30 00:00:00,2025-05-30 00:00:00,,,Récurrent,2025-05,Bellecombe,
2025-05-30,mai,Jour,60088993,Non-fait,100-2-B1,Escalier,Lplanchmo,Laver plancher moppe 24 oz,Route 1 - jour Bellecombe,,1.0,2025-05-30 00:00:00,2025-05-30 00:00:00,,,Récurrent,2025-05,Bellecombe,
2025-05-30,mai,Jour,60089380,Non-fait,257-B2,Classe maternelle,Nchaise,Nettoyer chaises,Route 2 - jour Entre-Lacs,,3.75,2025-05-30 00:00:00,2025-05-30 00:00:00,,,Récurrent,2025-05,Entre-Lacs,
2025-05-30,mai,Jour,60089381,Non-fait,257-B2,Classe maternelle,Ntable,Nettoyer table,Route 2 - jour Entre-Lacs,,7.5,2025-05-30 00:00:00,2025-05-30 00:00:00,,,Récurrent,2025-05,Entre-Lacs,
2025-05-30,mai,Jour,60089384,Non-fait,257-B2,Classe maternelle,Ncomptoir,Nettoyer comptoir,Route 2 - jour Entre-Lacs,,0.75,2025-05-30 00:00:00,2025-05-30 00:00:00,,,Récurrent,2025-05,Entre-Lacs,
2025-05-30,mai,Jour,60089408,Non-fait,264-B2,Classe 1er cycle,Ncomptoir,Nettoyer comptoir,Route 2 - jour Entre-Lacs,,0.75,2025-05-30 00:00:00,2025-05-30 00:00:00,,,Récurrent,2025-05,Entre-Lacs,
2025-05-30,mai,Jour,60089420,Non-fait,266-B2,Classe 2e cycle,Ncomptoir,Nettoyer comptoir,Route 2 - jour Entre-Lacs,,0.75,2025-05-30 00:00:00,2025-05-30 00:00:00,,,Récurrent,2025-05,Entre-Lacs,
2025-05-30,mai,Jour,60089316,Non-fait,1-003-B2,Corridor,Vpoubelle,Vider poubelles et recupération,Route 2 - jour Entre-Lacs,,0.75,2025-05-30 00:00:00,2025-05-30 00:00:00,,,Récurrent,2025-05,Entre-Lacs,
2025-05-30,mai,Jour,60215640,Non-fait,100-2,Escalier,Lplanchmo,Laver plancher moppe 24 oz,Route 3 - jour La Source,,1.0,2025-05-30 00:00:00,2025-05-30 00:00:00,,,Récurrent,2025-05,La Source,
2025-05-30,mai,Jour,60215639,Non-fait,100-2,Escalier,Vplanch36,"Vadrouiller plancher 36""",Route 3 - jour La Source,,1.11,2025-05-30 00:00:00,2025-05-30 00:00:00,,,Récurrent,2025-05,La Source,
2025-05-30,mai,Jour,60215725,Non-fait,261,Classe 1er cycle,Ncomptoir,Nettoyer comptoir,Route 3 - jour La Source,,0.75,2025-05-30 00:00:00,2025-05-30 00:00:00,,,Récurrent,2025-05,La Source,
2025-05-30,mai,Jour,60215731,Non-fait,262,Classe 1er cycle,Ncomptoir,Nettoyer comptoir,Route 3 - jour La Source,,0.75,2025-05-30 00:00:00,2025-05-30 00:00:00,,,Récurrent,2025-05,La Source,
2025-05-30,mai,Jour,60088920,Non-fait,139-B1,Local vide,Lplanchmo,Laver plancher moppe 24 oz,,,0.27,2025-05-30 00:00:00,2025-05-30 00:00:00,,,Récurrent,2025-05,,
2025-05-30,mai,Jour,60089103,Non-fait,270-B1,Classe 2e cycle,Ltableau,"Laver tableau,aguets, brosses si pas effacé",Route 1 - jour Bellecombe,,1.0,2025-05-30 00:00:00,2025-05-30 00:00:00,,,Récurrent,2025-05,Bellecombe,
2025-05-30,mai,Jour,60089315,Non-fait,1-003-B2,Corridor,Vplanch60,"Vadrouiller plancher 60""",Route 2 - jour Entre-Lacs,,6.9,2025-05-30 00:00:00,2025-05-30 00:00:00,,,Récurrent,2025-05,Entre-Lacs,
2025-05-30,mai,Jour,60089314,Non-fait,100-2-B2,Escalier,Drampes,Desinfecter rampes et main courantes,Route 2 - jour Entre-Lacs,,0.33,2025-05-30 00:00:00,2025-05-30 00:00:00,,,Récurrent,2025-05,Entre-Lacs,
2025-05-30,mai,Jour,60089313,Non-fait,100-2-B2,Escalier,Etaches,"Enlever toutes les tâches ou marques de souillures (sols, vitres, portes, murs, table, comptoir))",Route 2 - jour Entre-Lacs,,0.25,2025-05-30 00:00:00,2025-05-30 00:00:00,,,Récurrent,2025-05,Entre-Lacs,
2025-05-30,mai,Jour,60089421,Non-fait,267-B2,Classe 2e cycle,Ltableau,"Laver tableau,aguets, brosses si pas effacé",Route 2 - jour Entre-Lacs,,1.0,2025-05-30 00:00:00,2025-05-30 00:00:00,,,Récurrent,2025-05,Entre-Lacs,
2025-05-30,mai,Jour,60089422,Non-fait,267-B2,Classe 2e cycle,Nchaise,Nettoyer chaises,Route 2 - jour Entre-Lacs,,3.75,2025-05-30 00:00:00,2025-05-30 00:00:00,,,Récurrent,2025-05,Entre-Lacs,
2025-05-30,mai,Jour,60089312,Non-fait,100-2-B2,Escalier,Dsurfcont,"Desinfecter les surfaces de contact( interrupteurs,poignees porte,telephone,souris)",Route 2 - jour Entre-Lacs,,0.05,2025-05-30 00:00:00,2025-05-30 00:00:00,,,Récurrent,2025-05,Entre-Lacs,
2025-05-30,mai,Jour,60089016,Non-fait,119-2-B1,Escalier,Vplanch36,"Vadrouiller plancher 36""",Route 1 - jour Bellecombe,,1.11,2025-05-30 00:00:00,2025-05-30 00:00:00,,,Récurrent,2025-05,Bellecombe,
2025-05-30,mai,Jour,60089311,Non-fait,100-2-B2,Escalier,Lplanchmo,Laver plancher moppe 24 oz,Route 2 - jour Entre-Lacs,,1.0,2025-05-30 00:00:00,2025-05-30 00:00:00,,,Récurrent,2025-05,Entre-Lacs,
2025-05-30,mai,Jour,60215755,Non-fait,270,Classe 2e cycle,Ncomptoir,Nettoyer comptoir,Route 3 - jour La Source,,0.75,2025-05-30 00:00:00,2025-05-30 00:00:00,,,Récurrent,2025-05,La Source,
2025-05-30,mai,Jour,60215736,Non-fait,264,Classe 1er cycle,Vplanch24,"Vadrouiller sols 24""",Route 3 - jour La Source,,5.25,2025-05-30 00:00:00,2025-05-30 00:00:00,,,Récurrent,2025-05,La Source,
2025-05-30,mai,Jour,60215784,Non-fait,106,Magasin d'art,Dsurfcont,"Desinfecter les surfaces de contact( interrupteurs,poignees porte,telephone,souris)",,,0.05,2025-05-30 00:00:00,2025-05-30 00:00:00,,,Récurrent,2025-05,,
2025-05-30,mai,Jour,60215783,Non-fait,106,Magasin d'art,Vpoubelle,Vider poubelles et recupération,,,0.75,2025-05-30 00:00:00,2025-05-30 00:00:00,,,Récurrent,2025-05,,
2025-05-30,mai,Jour,60088995,Non-fait,100-2-B1,Escalier,Etaches,"Enlever toutes les tâches ou marques de souillures (sols, vitres, portes, murs, table, comptoir))",Route 1 - jour Bellecombe,,0.25,2025-05-30 00:00:00,2025-05-30 00:00:00,,,Récurrent,2025-05,Bellecombe,
2025-05-30,mai,Jour,60215739,Non-fait,265,Classe 2e cycle,Nchaise,Nettoyer chaises,Route 3 - jour La Source,,3.75,2025-05-30 00:00:00,2025-05-30 00:00:00,,,Récurrent,2025-05,La Source,
2025-05-30,mai,Jour,60215738,Non-fait,265,Classe 2e cycle,Ltableau,"Laver tableau,aguets, brosses si pas effacé",Route 3 - jour La Source,,1.0,2025-05-30 00:00:00,2025-05-30 00:00:00,,,Récurrent,2025-05,La Source,
2025-05-30,mai,Jour,60215737,Non-fait,264,Classe 1er cycle,Ncomptoir,Nettoyer comptoir,Route 3 - jour La Source,,0.75,2025-05-30 00:00:00,2025-05-30 00:00:00,,,Récurrent,2025-05,La Source,
2025-05-30,mai,Jour,60215665,Non-fait,119-2,Escalier,Dsurfcont,"Desinfecter les surfaces de contact( interrupteurs,poignees porte,telephone,souris)",Route 3 - jour La Source,,0.05,2025-05-30 00:00:00,2025-05-30 00:00:00,,,Récurrent,2025-05,La Source,
2025-05-30,mai,Jour,60089207,Non-fait,132-B2,Secretariat,Lplanchmo,Laver plancher moppe 24 oz,Route 2 - jour Entre-Lacs,,3.73,2025-05-30 00:00:00,2025-05-30 00:00:00,,,Récurrent,2025-05,Entre-Lacs,
2025-05-30,mai,Jour,60089208,Non-fait,132-B2,Secretariat,Vplanch36,"Vadrouiller plancher 36""",Route 2 - jour Entre-Lacs,,4.15,2025-05-30 00:00:00,2025-05-30 00:00:00,,,Récurrent,2025-05,Entre-Lacs,
2025-05-30,mai,Jour,60215695,Non-fait,250,Classe maternelle,Ncomptoir,Nettoyer comptoir,Route 3 - jour La Source,,0.75,2025-05-30 00:00:00,2025-05-30 00:00:00,,,Récurrent,2025-05,La Source,
2025-05-30,mai,Jour,60215691,Non-fait,250,Classe maternelle,Nchaise,Nettoyer chaises,Route 3 - jour La Source,,3.75,2025-05-30 00:00:00,2025-05-30 00:00:00,,,Récurrent,2025-05,La Source,
2025-05-30,mai,Jour,60215516,Non-fait,119-1,Escalier,Dsurfcont,"Desinfecter les surfaces de contact( interrupteurs,poignees porte,telephone,souris)",Route 3 - jour La Source,,0.05,2025-05-30 00:00:00,2025-05-30 00:00:00,,,Récurrent,2025-05,La Source,
2025-05-30,mai,Jour,60215649,Non-fait,1-008,Commis,Vplanch36,"Vadrouiller plancher 36""",,,1.0,2025-05-30 00:00:00,2025-05-30 00:00:00,,,Récurrent,2025-05,,
2025-05-30,mai,Jour,60215785,Non-fait,106,Magasin d'art,Etaches,"Enlever toutes les tâches ou marques de souillures (sols, vitres, portes, murs, table, comptoir))",,,0.25,2025-05-30 00:00:00,2025-05-30 00:00:00,,,Récurrent,2025-05,,
2025-05-30,mai,Jour,60089018,Non-fait,119-2-B1,Escalier,Dsurfcont,"Desinfecter les surfaces de contact( interrupteurs,poignees porte,telephone,souris)",Route 1 - jour Bellecombe,,0.05,2025-05-30 00:00:00,2025-05-30 00:00:00,,,Récurrent,2025-05,Bellecombe,
2025-05-30,mai,Jour,60089387,Non-fait,258-B2,Classe 1er cycle,Ntable,Nettoyer table,Route 2 - jour Entre-Lacs,,7.5,2025-05-30 00:00:00,2025-05-30 00:00:00,,,Récurrent,2025-05,Entre-Lacs,
2025-05-30,mai,Jour,60215667,Non-fait,119-2,Escalier,Drampes,Desinfecter rampes et main courantes,Route 3 - jour La Source,,0.33,2025-05-30 00:00:00,2025-05-30 00:00:00,,,Récurrent,2025-05,La Source,
2025-05-30,mai,Jour,60215743,Non-fait,265,Classe 2e cycle,Ncomptoir,Nettoyer comptoir,Route 3 - jour La Source,,0.75,2025-05-30 00:00:00,2025-05-30 00:00:00,,,Récurrent,2025-05,La Source,
2025-05-30,mai,Jour,60215749,Non-fait,266,Classe 2e cycle,Ncomptoir,Nettoyer comptoir,Route 3 - jour La Source,,0.75,2025-05-30 00:00:00,2025-05-30 00:00:00,,,Récurrent,2025-05,La Source,
2025-05-30,mai,Jour,60089365,Non-fait,250-B2,Classe maternelle,Vplanch24,"Vadrouiller sols 24""",Route 2 - jour Entre-Lacs,,3.75,2025-05-30 00:00:00,2025-05-30 00:00:00,,,Récurrent,2025-05,Entre-Lacs,
2025-05-30,mai,Jour,60215719,Non-fait,258,Classe 1er cycle,Ncomptoir,Nettoyer comptoir,Route 3 - jour La Source,,0.75,2025-05-30 00:00:00,2025-05-30 00:00:00,,,Récurrent,2025-05,La Source,
2025-05-30,mai,Jour,60089366,Non-fait,250-B2,Classe maternelle,Ncomptoir,Nettoyer comptoir,Route 2 - jour Entre-Lacs,,0.75,2025-05-30 00:00:00,2025-05-30 00:00:00,,,Récurrent,2025-05,Entre-Lacs,
2025-05-30,mai,Jour,60215641,Non-fait,100-2,Escalier,Dsurfcont,"Desinfecter les surfaces de contact( interrupteurs,poignees porte,telephone,souris)",Route 3 - jour La Source,,0.05,2025-05-30 00:00:00,2025-05-30 00:00:00,,,Récurrent,2025-05,La Source,
2025-05-30,mai,Jour,60089050,Non-fait,255-B1,Classe maternelle,Nchaise,Nettoyer chaises,Route 1 - jour Bellecombe,,3.75,2025-05-30 00:00:00,2025-05-30 00:00:00,,,Récurrent,2025-05,Bellecombe,
2025-05-30,mai,Jour,60089011,Non-fait,1-016-B1,Escalier,Drampes,Desinfecter rampes et main courantes,Route 1 - jour Bellecombe,,0.38,2025-05-30 00:00:00,2025-05-30 00:00:00,,,Récurrent,2025-05,Bellecombe,
2025-05-30,mai,Jour,60089010,Non-fait,1-016-B1,Escalier,Etaches,"Enlever toutes les tâches ou marques de souillures (sols, vitres, portes, murs, table, comptoir))",Route 1 - jour Bellecombe,,0.25,2025-05-30 00:00:00,2025-05-30 00:00:00,,,Récurrent,2025-05,Bellecombe,
2025-05-30,mai,Jour,60089310,Non-fait,100-2-B2,Escalier,Vplanch36,"Vadrouiller plancher 36""",Route 2 - jour Entre-Lacs,,1.11,2025-05-30 00:00:00,2025-05-30 00:00:00,,,Récurrent,2025-05,Entre-Lacs,
2025-05-30,mai,Jour,60089379,Non-fait,257-B2,Classe maternelle,Ltableau,"Laver tableau,aguets, brosses si pas effacé",Route 2 - jour Entre-Lacs,,1.0,2025-05-30 00:00:00,2025-05-30 00:00:00,,,Récurrent,2025-05,Entre-Lacs,
2025-05-30,mai,Jour,60089389,Non-fait,258-B2,Classe 1er cycle,Vplanch24,"Vadrouiller sols 24""",Route 2 - jour Entre-Lacs,,5.25,2025-05-30 00:00:00,2025-05-30 00:00:00,,,Récurrent,2025-05,Entre-Lacs,
2025-05-30,mai,Jour,60089390,Non-fait,258-B2,Classe 1er cycle,Ncomptoir,Nettoyer comptoir,Route 2 - jour Entre-Lacs,,0.75,2025-05-30 00:00:00,2025-05-30 00:00:00,,,Récurrent,2025-05,Entre-Lacs,
2025-05-30,mai,Jour,60089357,Non-fait,213-B2,Corridor,Vplanch60,"Vadrouiller plancher 60""",Route 2 - jour Entre-Lacs,,6.9,2025-05-30 00:00:00,2025-05-30 00:00:00,,,Récurrent,2025-05,Entre-Lacs,
2025-05-30,mai,Jour,60089051,Non-fait,255-B1,Classe maternelle,Ntable,Nettoyer table,Route 1 - jour Bellecombe,,7.5,2025-05-30 00:00:00,2025-05-30 00:00:00,,,Récurrent,2025-05,Bellecombe,
2025-05-30,mai,Jour,60089356,Non-fait,211B-B2,Toilettes,Rdistrib,"Remplir distributeurs savon et papier( essuie-mains, toilettes)",Route 2 - jour Entre-Lacs,,1.21,2025-05-30 00:00:00,2025-05-30 00:00:00,,,Récurrent,2025-05,Entre-Lacs,
2025-05-30,mai,Jour,60089355,Non-fait,211B-B2,Toilettes,Vbloc,Vérifier les blocs désodorisants et les remplacer s'il y a lieu,Route 2 - jour Entre-Lacs,,0.5,2025-05-30 00:00:00,2025-05-30 00:00:00,,,Récurrent,2025-05,Entre-Lacs,
2025-05-30,mai,Jour,60089322,Non-fait,1-010-B2,Corridor,Vpoubelle,Vider poubelles et recupération,Route 2 - jour Entre-Lacs,,0.75,2025-05-30 00:00:00,2025-05-30 00:00:00,,,Récurrent,2025-05,Entre-Lacs,
2025-05-30,mai,Jour,60089320,Non-fait,1-008-B2,Commis,Vplanch36,"Vadrouiller plancher 36""",Route 2 - jour Entre-Lacs,,1.0,2025-05-30 00:00:00,2025-05-30 00:00:00,,,Récurrent,2025-05,Entre-Lacs,
2025-05-30,mai,Jour,60089319,Non-fait,1-008-B2,Commis,Lplanchmo,Laver plancher moppe 24 oz,Route 2 - jour Entre-Lacs,,0.9,2025-05-30 00:00:00,2025-05-30 00:00:00,,,Récurrent,2025-05,Entre-Lacs,
2025-05-30,mai,Jour,60089318,Non-fait,1-003-B2,Corridor,Etaches,"Enlever toutes les tâches ou marques de souillures (sols, vitres, portes, murs, table, comptoir))",Route 2 - jour Entre-Lacs,,0.25,2025-05-30 00:00:00,2025-05-30 00:00:00,,,Récurrent,2025-05,Entre-Lacs,
2025-05-30,mai,Jour,60089317,Non-fait,1-003-B2,Corridor,Dsurfcont,"Desinfecter les surfaces de contact( interrupteurs,poignees porte,telephone,souris)",Route 2 - jour Entre-Lacs,,0.05,2025-05-30 00:00:00,2025-05-30 00:00:00,,,Récurrent,2025-05,Entre-Lacs,
2025-05-30,mai,Jour,60089054,Non-fait,255-B1,Classe maternelle,Ncomptoir,Nettoyer comptoir,Route 1 - jour Bellecombe,,0.75,2025-05-30 00:00:00,2025-05-30 00:00:00,,,Récurrent,2025-05,Bellecombe,
2025-05-30,mai,Jour,60089375,Non-fait,256-B2,Classe maternelle,Ntable,Nettoyer table,Route 2 - jour Entre-Lacs,,7.5,2025-05-30 00:00:00,2025-05-30 00:00:00,,,Récurrent,2025-05,Entre-Lacs,
2025-05-30,mai,Jour,60089107,Non-fait,270-B1,Classe 2e cycle,Vplanch24,"Vadrouiller sols 24""",Route 1 - jour Bellecombe,,6.0,2025-05-30 00:00:00,2025-05-30 00:00:00,,,Récurrent,2025-05,Bellecombe,
2025-05-30,mai,Jour,60089116,Non-fait,031-B2,Hall d'entree,Vpoubelle,Vider poubelles et recupération,Route 2 - jour Entre-Lacs,,0.75,2025-05-30 00:00:00,2025-05-30 00:00:00,,,Récurrent,2025-05,Entre-Lacs,
2025-05-30,mai,Jour,60088921,Non-fait,139-B1,Local vide,Vplanch36,"Vadrouiller plancher 36""",,,0.3,2025-05-30 00:00:00,2025-05-30 00:00:00,,,Récurrent,2025-05,,
2025-05-30,mai,Jour,60215732,Non-fait,264,Classe 1er cycle,Ltableau,"Laver tableau,aguets, brosses si pas effacé",Route 3 - jour La Source,,1.0,2025-05-30 00:00:00,2025-05-30 00:00:00,,,Récurrent,2025-05,La Source,
2025-05-30,mai,Jour,60089104,Non-fait,270-B1,Classe 2e cycle,Nchaise,Nettoyer chaises,Route 1 - jour Bellecombe,,3.75,2025-05-30 00:00:00,2025-05-30 00:00:00,,,Récurrent,2025-05,Bellecombe,
2025-05-30,mai,Jour,60089067,Non-fait,258-B1,Classe 1er cycle,Ltableau,"Laver tableau,aguets, brosses si pas effacé",Route 1 - jour Bellecombe,,1.0,2025-05-30 00:00:00,2025-05-30 00:00:00,,,Récurrent,2025-05,Bellecombe,
2025-05-30,mai,Jour,60215782,Non-fait,106,Magasin d'art,Vplanch60,"Vadrouiller plancher 60""",,,1.29,2025-05-30 00:00:00,2025-05-30 00:00:00,,,Récurrent,2025-05,,
2025-05-30,mai,Jour,60089338,Non-fait,119-2-B2,Escalier,Drampes,Desinfecter rampes et main courantes,Route 2 - jour Entre-Lacs,,0.33,2025-05-30 00:00:00,2025-05-30 00:00:00,,,Récurrent,2025-05,Entre-Lacs,
2025-05-30,mai,Jour,60215643,Non-fait,100-2,Escalier,Drampes,Desinfecter rampes et main courantes,Route 3 - jour La Source,,0.33,2025-05-30 00:00:00,2025-05-30 00:00:00,,,Récurrent,2025-05,La Source,
2025-05-30,mai,Jour,60089007,Non-fait,1-016-B1,Escalier,Vplanch36,"Vadrouiller plancher 36""",Route 1 - jour Bellecombe,,1.27,2025-05-30 00:00:00,2025-05-30 00:00:00,,,Récurrent,2025-05,Bellecombe,
2025-05-30,mai,Jour,60089008,Non-fait,1-016-B1,Escalier,Lplanchmo,Laver plancher moppe 24 oz,Route 1 - jour Bellecombe,,1.14,2025-05-30 00:00:00,2025-05-30 00:00:00,,,Récurrent,2025-05,Bellecombe,
2025-05-30,mai,Jour,60089009,Non-fait,1-016-B1,Escalier,Dsurfcont,"Desinfecter les surfaces de contact( interrupteurs,poignees porte,telephone,souris)",Route 1 - jour Bellecombe,,0.05,2025-05-30 00:00:00,2025-05-30 00:00:00,,,Récurrent,2025-05,Bellecombe,
2025-05-30,mai,Jour,60215754,Non-fait,270,Classe 2e cycle,Vplanch24,"Vadrouiller sols 24""",Route 3 - jour La Source,,6.0,2025-05-30 00:00:00,2025-05-30 00:00:00,,,Récurrent,2025-05,La Source,
2025-05-30,mai,Jour,60215748,Non-fait,266,Classe 2e cycle,Vplanch24,"Vadrouiller sols 24""",Route 3 - jour La Source,,6.0,2025-05-30 00:00:00,2025-05-30 00:00:00,,,Récurrent,2025-05,La Source,
2025-05-30,mai,Jour,60215724,Non-fait,261,Classe 1er cycle,Vplanch24,"Vadrouiller sols 24""",Route 3 - jour La Source,,5.25,2025-05-30 00:00:00,2025-05-30 00:00:00,,,Récurrent,2025-05,La Source,
2025-05-30,mai,Jour,60215694,Non-fait,250,Classe maternelle,Vplanch24,"Vadrouiller sols 24""",Route 3 - jour La Source,,3.75,2025-05-30 00:00:00,2025-05-30 00:00:00,,,Récurrent,2025-05,La Source,
2025-05-30,mai,Jour,60089096,Non-fait,265-B1,Classe 2e cycle,Ncomptoir,Nettoyer comptoir,Route 1 - jour Bellecombe,,0.75,2025-05-30 00:00:00,2025-05-30 00:00:00,,,Récurrent,2025-05,Bellecombe,
2025-05-30,mai,Jour,60089098,Non-fait,266-B1,Classe 2e cycle,Nchaise,Nettoyer chaises,Route 1 - jour Bellecombe,,3.75,2025-05-30 00:00:00,2025-05-30 00:00:00,,,Récurrent,2025-05,Bellecombe,
2025-05-30,mai,Jour,60089099,Non-fait,266-B1,Classe 2e cycle,Ntable,Nettoyer table,Route 1 - jour Bellecombe,,7.5,2025-05-30 00:00:00,2025-05-30 00:00:00,,,Récurrent,2025-05,Bellecombe,
2025-05-30,mai,Jour,60089335,Non-fait,119-2-B2,Escalier,Lplanchmo,Laver plancher moppe 24 oz,Route 2 - jour Entre-Lacs,,1.0,2025-05-30 00:00:00,2025-05-30 00:00:00,,,Récurrent,2025-05,Entre-Lacs,
